inviterAddress,invitedAddress,invitedRegisteredAt,volume,tradesCount,fees
0x51659eadcb39cd389a2b6ea1fe7272a8174f9b19,0xd1abac1b4f1c1fc256275b1dcd3bb54d0bcc4125,2026-03-06T14:13:45.153Z,0.4554,5,0.0046
0x8898b94ffb619e902f4597d4255f42aee57fff5e,0x18f0220764299bcf079f4418b4f808800fe29164,2026-03-27T06:53:37.969Z,0.813776,7,0.008224
0xb41c8fb1b3b570c5c2b66421ffcb6766bc2fea37,0xfe5b331546f17e3deb8f422babf928e898b419e7,2025-11-07T11:23:22.122Z,0.98,1,0.02
0x0748ac42e139fc3830369d8e1a2aed74e5beff00,0x2bc196e64ba1f2b903d303ee8170abae1918d05d,2026-01-13T16:02:46.345Z,0.98,1,0.02
0x33ce33e8b2c897f79b773f7e45af84017e1d1eea,0x7c563fa206e67d2b222e312e1f8673c283c2410d,2026-03-17T07:54:50.535Z,0.99,1,0.01
0x20956414df16f474b4726cfec8bd995d660b62c5,0x31c796cf097d8cdefc89d1766fbafcea9c99e7a6,2026-03-20T11:50:33.745Z,0.99,1,0.01
0x20956414df16f474b4726cfec8bd995d660b62c5,0x4da080f9324b3fa31a76bab7bcee6a5a01ce45ef,2026-03-23T15:54:00.680Z,0.99,1,0.01
0x85249078b55c2b38999abdb1c744ad30ce83d49f,0xd05c9a6707def59a56043178c1e1afb0d6cf24d1,2026-03-23T05:41:09.996Z,0.99,1,0.01
0x7d11447b359de9c59d6f64a611094338bbf1356a,0xe6e7a679356ee5b90b80dd849b6f33139f02acdd,2026-03-10T07:05:01.885Z,1.485,15,0.015
0x575676b48ade03af958a17c7ce7f732e95cdca84,0xce48d613fe4a174b0678681a53c0136e17e29ca0,2026-01-19T19:11:45.648Z,1.921296,2,0.078704
0x20956414df16f474b4726cfec8bd995d660b62c5,0x5e795e83f6787f63aa058b81f40c8d1eae7254ff,2026-03-20T13:48:19.168Z,1.98,1,0.02
0xd5d8f89ab472d0cf0218549194af5fe0c9a63cd5,0x68e0c1dbf926cda7a65ef2722e046746eb0f816f,2026-03-18T08:11:32.234Z,2.079,3,0.021
0x20956414df16f474b4726cfec8bd995d660b62c5,0x5339bb1f0a1fdd7353d8344b5e66b8c05495b914,2026-03-21T19:34:16.476Z,2.475,2,0.025
0x5d9cea6b01da69c08134aa5ce8244c4a40b3bd8c,0xb1d56f467a773f6b0c1d2bdf5acd2872c1bef394,2026-02-12T17:30:56.072Z,2.8512,3,0.0288
0x2c783c5fe6c0c97feea6dd9ebf1e44ab82588004,0x961c3bf22c8b44b3f14c7051c5e3b046ac4160de,2025-12-31T18:59:16.023Z,2.97,1,0.03
0xf304759e3ac362c2af33bd4a73a06630a08c227d,0x163431ec481a76d54a8dcbd1043b82d5cf0d3e94,2026-02-28T03:37:24.057Z,2.97,1,0.03
0xb3ce3a9204d1e9489947f32117cfbc7226cb8720,0xc052d61e2cc04e0a60655c136b4380bec9c63e4f,2026-02-12T16:56:14.389Z,3.069,4,0.031
0x20956414df16f474b4726cfec8bd995d660b62c5,0x63edd2226850f9790bb707e916a7b5987c52b621,2026-03-20T13:47:59.924Z,3.3858,1,0.0342
0x627de768693578085095ff1b2bb96d58df20287e,0x1948a7604ab9ddb25f42a443d5153e810dad2251,2026-02-10T10:25:16.858Z,3.5442,9,0.0358
0x20956414df16f474b4726cfec8bd995d660b62c5,0xa6ff2ea582b4e65e938aa614a4f062e81c886981,2026-04-03T11:22:26.097Z,3.95,4,0.05
0x0748ac42e139fc3830369d8e1a2aed74e5beff00,0x548f033bd56c748f63861810751e7e1217db2074,2026-01-21T06:33:56.075Z,3.96,1,0.04
0xe58728f2cbb94f6c92c3e7f8f16be66e7c1ebf3e,0xf032b4ff019d82d53eab1eb98a408aa31c3168ef,2026-03-03T05:57:26.122Z,3.998593999999999991,202,0.04140600000000000015
0x9013db46ec7d7efe0b62b0e275e6620fdacfc8f3,0x8ed019288c1bad43c328669e9c40bfbd64ef34a1,2026-01-26T12:30:40.092Z,4.853436,2,0.146564
0x33ce33e8b2c897f79b773f7e45af84017e1d1eea,0xcc9490987b8afd8ae309207bc5730bc5e2b1c6d8,2026-03-17T07:18:34.743Z,5.1975,4,0.0525
0xc7c6bd6b4b2b841ea45602d7e5f6aae7dfe1f655,0xdfc9429d0370eea75e056684ba327f4aea6ae4b4,2026-03-21T08:11:49.093Z,5.841,3,0.059
0x99a805be126cd50de7e02f8d5f4557694890a47e,0xec7540e70a2da2e85276376bacb290fedf10dbb8,2026-02-25T20:42:28.125Z,5.91731,2,0.08269
0x30c1761eefc75e7c7189b4d52d947fc1df83c2da,0xb51ad7b4b56b7a23ddc8121edd92e861883b6afc,2026-03-09T20:59:58.059Z,6.237,1,0.063
0x33ce33e8b2c897f79b773f7e45af84017e1d1eea,0xe71b7cc4acc9d7faac8f924addf7c82327805d7e,2026-03-23T17:30:40.266Z,6.435,3,0.065
0x9ff733b918c2d642db7051bd91e2933f911eea9d,0x181159e1063c135212266a28e94bb213f397242e,2026-02-10T03:50:55.432Z,6.5142,66,0.0658
0x20956414df16f474b4726cfec8bd995d660b62c5,0xc714f72ed466b0de67b4103564fe6476468af2e4,2026-03-22T07:19:47.168Z,6.93,2,0.07
0x20956414df16f474b4726cfec8bd995d660b62c5,0x1e75d74c2cf8fa738b33d161cca85ee0f34b8182,2026-03-20T13:48:48.561Z,7.2468,4,0.0732
0x84e35e380181b898a6072aba5015cfa8f9f91fa9,0x578e030afeb18a71f70ca17ab818a9998f7eeef2,2026-01-20T14:48:28.159Z,7.759786,3,0.24021400000000001
0x20956414df16f474b4726cfec8bd995d660b62c5,0xeef2b35d8aa194f52eb2352fb061976b134b79c3,2026-04-04T19:19:52.489Z,8.0975,17,0.1025
0xd3ed235fa378a20e2dcbe18b71025667c29de25e,0xb91eb67f02c840916e242de32884565968692b45,2026-03-18T03:27:03.685Z,9.358827999999999994,14,0.101172
0xb0cb42563ebbfcaccb9542ba8b059bf649cc95cd,0x83e9fa5fcdeda40983a8ead1b85a8392e345f5cc,2026-01-22T18:45:19.045Z,9.8,1,0.2
0x20956414df16f474b4726cfec8bd995d660b62c5,0xd61ca85d83f70de4e9e04bf678799aa9de08a3b9,2026-03-20T11:50:09.780Z,9.9,1,0.1
0x22ded34bba63458e5decf30ea9e2fccc43eb9d15,0xca59ce150eb67ebfc15779bf6b22a58b8a2da2c6,2026-03-26T07:55:08.122Z,9.9,2,0.1
0x33ce33e8b2c897f79b773f7e45af84017e1d1eea,0x4d49d9050e9c4a883e23852c28044cb849b8ea9f,2026-03-17T11:33:26.819Z,9.9,1,0.1
0x33ce33e8b2c897f79b773f7e45af84017e1d1eea,0x161580bba60fbde8f9303808dfcd7519e7086276,2026-03-17T11:14:56.251Z,10.494,8,0.106
0x20956414df16f474b4726cfec8bd995d660b62c5,0x19eb1812e45d58cca4950f1f15eaa6551d92840f,2026-03-20T13:51:23.078Z,10.89,2,0.11
0xbbbd2ceb687d9a6733fb81a12dc3c050a6d297e0,0x9d82d0c5af80d177806d9b18d6cc784211bb8d20,2025-12-17T11:44:09.519Z,11.385,4,0.115
0xb2fa2a309b607ab8def2b97892ba5ca9d10385d9,0x247f67163d1e5629c85e0f4dcf8750e926a989c6,2026-03-17T09:58:45.740Z,11.88,2,0.12
0x20956414df16f474b4726cfec8bd995d660b62c5,0x95ce33ba55f0507e2197acf5074e6f76764474f5,2026-03-20T13:48:58.091Z,12.830639,4,0.169361
0xd6da3359f3755286b8e91858295e72cca9f7becc,0x64858be0724cf8e483e5bd72387b38ef2c32d6f8,2026-03-19T13:34:07.261Z,14.058,7,0.142
0xcb7db076b6b12dd5aafc2dee4f2af23bf66742d7,0xb3ab169905fe5ba4edd18a28c7e5f804dee918a9,2026-03-19T19:01:38.579Z,14.058,4,0.142
0x8f12fe5d5dbf41b6aa849829fadaebf7273a33d8,0x7bbab7ee05d08d7e9e8b4e52d3b4a7d37dd9eaa5,2026-03-27T17:03:03.532Z,14.8125,1,0.1875
0x33ce33e8b2c897f79b773f7e45af84017e1d1eea,0x782bcf8d1bf08ec34559b0eb1ebe8b7ceabedf80,2026-03-19T00:07:32.857Z,14.85,6,0.15
0x24c9b7acf96fb1da721577534cf3c49879165ec3,0xa53705706e2b1074b63f4b988c18a22e906c4936,2026-03-08T00:16:59.835Z,15.382097,3,0.177903
0x0d98c81da10167187deba8f38bad2d28318c110a,0x03a30ffce9f233dde531967fd8306900bfd7c2ee,2026-03-26T16:37:39.901Z,15.8,2,0.2
0x20956414df16f474b4726cfec8bd995d660b62c5,0x38476def0b6b38e2406f89e1e0887fa1ff319025,2026-03-23T11:01:12.418Z,15.81,15,0.19
0xe56b74dd3ac2a71f2b7961b83f9448b847c3e630,0x89970d4115cb215887065219b8084cc825cc207c,2026-03-18T09:33:50.154Z,16.83,2,0.17
0x34b02a2f9fde8e460e817da2135cecaf30fd6e8d,0x57fcf31f09ad792417f25aed28b9dae12f79dad0,2026-01-14T05:56:39.813Z,19.6,1,0.4
0x34b02a2f9fde8e460e817da2135cecaf30fd6e8d,0xf2bacc5c598d868669987d2904d7d2d26ece631a,2026-01-14T14:06:14.870Z,19.8,2,0.2
0x0748ac42e139fc3830369d8e1a2aed74e5beff00,0x5eb1cb18badd4b68a3fe21f2aa7cecbce41a0c37,2026-04-01T14:05:38.043Z,19.8,1,0.2
0xbbbd2ceb687d9a6733fb81a12dc3c050a6d297e0,0x85249078b55c2b38999abdb1c744ad30ce83d49f,2025-11-05T12:04:55.460Z,19.8,2,0.2
0x04cd30a365384967f16e6458b6e9fe04a39c76be,0x8a88d9fa9cce31eba8675f958b0d42adbec0377e,2026-02-20T00:04:14.782Z,20.493,4,0.207
0x8f12fe5d5dbf41b6aa849829fadaebf7273a33d8,0xcebd7ec98678c4cfd19a2774cd281e1bb8386320,2026-03-25T05:41:33.529Z,20.79,2,0.21
0x7967fb2cc49d77e898535692fbf3038ccefed2ff,0xd97544d00ac1f4fe9ad1fac6735ef5710bbe0447,2026-03-16T09:36:21.062Z,21.275,8,0.225
0x20956414df16f474b4726cfec8bd995d660b62c5,0x8e35073f90699b20848d28df71e0118b2c42c122,2026-03-20T13:48:11.869Z,22.255346,8,0.244654
0xfe94d93fbba8b897b593950e40dda83bf32d3b7b,0x28a4c55d79ba733f1398195a9a443be2f187ad02,2026-03-16T16:51:36.419Z,23.76,4,0.24
0x33ce33e8b2c897f79b773f7e45af84017e1d1eea,0xb8f0fb48a6b9fdab70fb4602a66781bd2e56dad1,2026-03-17T08:48:54.035Z,24.75,1,0.25
0x33ce33e8b2c897f79b773f7e45af84017e1d1eea,0xe834500d914f5c4e254b049aee1951d5be0a6c26,2026-03-17T08:59:01.569Z,26.593982,5,0.40601800000000002
0xc148ed55527894ee86c734aae6fbee108ec2da3a,0xbdc28cd2bf52ef2c8771c3a4246e913ed359b8c6,2026-04-06T00:08:44.421Z,26.6625,1,0.3375
0x20956414df16f474b4726cfec8bd995d660b62c5,0xf3d1356ba3cadd1a1aaee2939952b59580f82b6b,2026-03-20T13:52:17.401Z,26.73,2,0.27
0xb595135271c2239dfb86c9db23f33608c8c91fed,0xfcc2238cf5e8ba245b690d987ea0a757c31571ca,2026-02-15T17:12:51.166Z,26.928,12,0.272
0x519556b80b6d68ff479aad6520ac8247c20dec89,0x959223581d04c146f60094f7d5dbecb7d746e2d8,2026-03-24T18:51:50.725Z,29.7,1,0.3
0x6053507ff02a1183944f14dd285f78156ed69aac,0xcc14cf5f083113b5b2c8edcd214bbf39513f4f7735,2026-01-21T17:47:16.531Z,29.9514720000000004,8,0.648528
0xd204d6f0bbd5957203727b7393aeb0f32854bc8b,0x13c1cf34ecf127a5e29bef91ad55c93c832eacc6,2025-11-08T14:27:05.987Z,33.56,3,0.44
0x33ce33e8b2c897f79b773f7e45af84017e1d1eea,0x137b864ea0f57e16ca1c6eb7a76c08cf170f2a8d,2026-03-17T07:03:55.558Z,33.66,6,0.34
0x0748ac42e139fc3830369d8e1a2aed74e5beff00,0x449b09b66a69ca708108cbbfc74078237112aef6,2025-12-24T02:26:51.310Z,36.582659,8,0.41734100000000001
0x20956414df16f474b4726cfec8bd995d660b62c5,0xd673b7e9c240e67d9e2df8c0d22d66691e6e249c,2026-03-20T11:47:50.161Z,37.62,5,0.38
0x7d3c552c8583b0947e00213df4b20fa5d96bcebc,0xb595135271c2239dfb86c9db23f33608c8c91fed,2026-02-15T13:37:13.574Z,38.61,39,0.39
0x9334193a0f02626432919b389632360ea579f78c,0xe40d34296576cb99bb8f8aac77f1b93794548cd0,2025-11-29T00:49:21.647Z,39.092439,2,0.9075610000000001
0x20956414df16f474b4726cfec8bd995d660b62c5,0x08badbb7a26b61e7154e7ecdf89347ce8e39eeb1,2026-03-20T11:48:59.949Z,39.6,2,0.4
0x33ce33e8b2c897f79b773f7e45af84017e1d1eea,0x28776f6a921511a8e03cde6f35d6f595d32b38b9,2026-03-20T12:30:27.760Z,42.243877,10,0.55612300000000001
0x0748ac42e139fc3830369d8e1a2aed74e5beff00,0x165f79e8bda32e1a5d1c1ff6ac11c66dd46a5d41,2026-04-02T01:30:48.428Z,42.4625,1,0.5375
0x0748ac42e139fc3830369d8e1a2aed74e5beff00,0x7bbe580d0ef983b1e6986fd778cf0b38bcde7973,2026-04-02T01:31:24.802Z,45.425,1,0.575
0x33ce33e8b2c897f79b773f7e45af84017e1d1eea,0x4c9de23f22992a51d6790c877870d7334b053d4b,2026-04-02T12:56:09.431Z,46.356795,12,0.643205
0xfddc0af9c60140cbbc20f0d55cef2abdc8bd770b,0x342e82e5e71e6fb4008066a4b3250da20518aca1,2026-03-13T18:34:22.172Z,46.370694,6,0.629306
0xcd8d338700ae9ca9b1c186a60e91ff97cda7cdd3,0xdfc7d796bd59e5ff06a8be66bc840f470a2e70e4,2026-01-20T19:04:02.002Z,46.429848,18,0.630152
0x81be9f35831e60aae9a14fcbc85e53351fdc507c,0xd6aeea9bb3c4cd1ccf44181d3db89f877659d509,2026-01-20T05:31:35.509Z,46.7675150000000009,17,0.91248499999999999
0x20956414df16f474b4726cfec8bd995d660b62c5,0x8db7a537d8478df3c6d95ff33b4270342862957f,2026-03-21T17:45:06.462Z,47.52,5,0.48
0x0748ac42e139fc3830369d8e1a2aed74e5beff00,0xfda533baed020eb2ccf03cb6a5a523e22fd91b44,2026-04-02T01:06:17.763Z,48.3875,1,0.6125
0xfd33b1edc5d99e7b0e2ad393d15d97fda05d30af,0x215d76b370a299a7bc530bc22b56fd4dd1e4f682,2025-12-18T22:38:58.718Z,48.520513,6,1.4794870000000001
0xce57f6ac1da58e2adbeb9e0541e25c36c6a567c3,0x70648f2d2123db1e48f1eef188d822c402270390,2026-01-21T06:16:26.125Z,48.868076,2,1.131924
0x4d48aaca3c30668d9ac9d4a6c4ab13a56063329e,0x04cd30a365384967f16e6458b6e9fe04a39c76be,2026-01-30T18:15:33.961Z,49.2257660000000003,27,0.614234000000000005
0x20956414df16f474b4726cfec8bd995d660b62c5,0xe5b58ac338a534f63b7fe03b65a9b51176c06186,2026-03-20T11:47:19.191Z,49.5,1,0.5
0x0748ac42e139fc3830369d8e1a2aed74e5beff00,0x1bcae0ffc589ae318eae03af84469e81f55d6da2,2026-04-02T01:05:52.905Z,51.35,1,0.65
0x0748ac42e139fc3830369d8e1a2aed74e5beff00,0x525ea5a1ee6daedd996c132752d8dc43d49b0550,2026-04-02T01:29:13.671Z,52.3375,1,0.6625
0x91925e2501e923b9cf9446f74ba9d0f1cc59f648,0xff455291aa6fcf1b8e0587057d0d709455a58baa,2026-03-29T12:43:05.713Z,55.390376,6,0.609624
0xcd8d338700ae9ca9b1c186a60e91ff97cda7cdd3,0xfd0b9ee1987186178dfe8c4e13b831085b600ef6,2026-01-21T11:07:39.890Z,55.964311,3,1.185689
0x33ce33e8b2c897f79b773f7e45af84017e1d1eea,0xd3ed235fa378a20e2dcbe18b71025667c29de25e,2026-03-17T03:53:15.763Z,57.019892,16,0.580108
0x20956414df16f474b4726cfec8bd995d660b62c5,0xf739c71e7ed756b51fa65d06de6fed606a125e7c,2026-03-20T11:49:29.110Z,59.4,1,0.6
0xc28a91bb548fc6df47d60b5cdc767f8400d71466,0x0bd309922159ca8852b3de0041165743baab8cd9,2026-01-21T12:50:20.825Z,61.281,21,0.619
0x33ce33e8b2c897f79b773f7e45af84017e1d1eea,0xb15293d1f7a4bbfd7b8926283ef94521ad617dbe,2026-03-18T20:18:15.050Z,65.736,4,0.664
0x0748ac42e139fc3830369d8e1a2aed74e5beff00,0x1782649a611fb321edf0962de80ba6c4c2408c58,2026-04-01T23:27:13.374Z,73.075,2,0.925
0x20956414df16f474b4726cfec8bd995d660b62c5,0xcb0077130cb2922cc1ed90a4e04e1a733b1e1340,2026-03-20T11:47:23.464Z,74.25,2,0.75
0xb3ce3a9204d1e9489947f32117cfbc7226cb8720,0xab5fa875533d7af23e37eab2c4b83e8ac6414aa4,2026-02-11T15:57:27.729Z,84.2075,5,0.7925
0x0748ac42e139fc3830369d8e1a2aed74e5beff00,0xdaa68cb653dfb111e0bf53625122e56c7d68d881,2026-04-01T23:25:31.945Z,84.925,2,1.075
0x0748ac42e139fc3830369d8e1a2aed74e5beff00,0x0ff41cd3d90016eb8072a50d8e1796b6f5085a30,2026-04-02T01:29:53.823Z,85.9125,1,1.0875
0x0748ac42e139fc3830369d8e1a2aed74e5beff00,0x4c077ea39232dbe58936ebb1a2e7fc09df90f300,2026-04-01T23:30:06.020Z,92.825,2,1.175
0x38ea4df06ea1fc874aef5fe0a2a8e77510ae041d,0xe81eb9d4d0bad94b80a96b54cfc19eebf3c64c03,2025-12-17T19:32:58.087Z,93.291961,2,1.708039
0x13d5aba05833ca9c64d4c85e15a82d34cd0631c2,0x8ac6550b9da8e20d45c41b563074d41a0b559e18,2025-11-06T18:59:16.654Z,93.547874,3,1.452126
0xdd9603580235f17b2f87de7a736e9ff11f5be891,0x3b11d5172fcd2fe9e49d2b0cc9a976999a39f6ad,2026-04-02T13:01:28.915Z,93.8125,3,1.1875
0x0748ac42e139fc3830369d8e1a2aed74e5beff00,0x78e73ef10d22b0d9ef6a20b67a95d084a4ac7eec,2026-04-02T01:43:03.945Z,96.775,1,1.225
0x0748ac42e139fc3830369d8e1a2aed74e5beff00,0xa6655bf93a53b925236c75ae5449c0f96b5c55f4,2026-04-02T01:05:12.732Z,97.7625,1,1.2375
0x04618a23611d945e8e3d8ba9cdbcc041af0e9dbe,0x8327b9158aed702583d7232bfed1214f6d27e8d7,2026-04-01T09:18:47.753Z,196.538189,3,3.461811
0x20956414df16f474b4726cfec8bd995d660b62c5,0x2fb2e4a67cdf7a1d586587b9690c25af8e56767c,2026-03-20T11:47:43.878Z,99,2,1
0x20956414df16f474b4726cfec8bd995d660b62c5,0x6b26dd5acb7ef5f6acf92c8631417ce8631c750c,2026-03-20T11:50:21.924Z,99,1,1
0x0748ac42e139fc3830369d8e1a2aed74e5beff00,0xca5948b8cd168e1699bd38d2b46342388dcda717,2026-04-02T01:43:42.451Z,100.725,1,1.275
0xe56b74dd3ac2a71f2b7961b83f9448b847c3e630,0x147a02b9b6be07e2c19b08e5cbba7399551cb018,2025-12-16T13:03:28.806Z,101.97,4,1.03
0x0748ac42e139fc3830369d8e1a2aed74e5beff00,0x7254d2af196cdf9b9664616d4a62a335b0fe3b18,2026-04-02T00:51:40.534Z,104.675,2,1.325
0x2c783c5fe6c0c97feea6dd9ebf1e44ab82588004,0x75822ae109970e526ec73e17b8509b2224b6c013,2026-01-06T14:35:56.925Z,104.950322,10,3.04967800000000001
0x648fac66418f6629616f52821d69aa498ed9e1bb,0x3fd7eb4e9b922cc7a047f1cf7009705a08ad453b,2026-01-21T15:09:21.582Z,105.17,6,1.83
0x33ce33e8b2c897f79b773f7e45af84017e1d1eea,0x4a6e551344b3cc5156adf53985265af07027e0b3,2026-03-17T03:48:16.166Z,105.237000000000002,5,1.063
0x338641ede9ebd95e63065f90e82d6282d1dbb47a,0x0000ce08fa224696a819877070bf378e8b131acf,2025-11-07T18:43:49.762Z,112.575,2,1.425
0xb48483c316e5da4b8a25aaf5c95b511c474e7763,0xcb74145102c8c625de2c5306e60a90c87a604140,2026-03-04T17:43:53.857Z,117.216,54,1.184
0x0748ac42e139fc3830369d8e1a2aed74e5beff00,0xba81013aa672adee5dd709dc363b6567a7a2970d,2026-04-01T23:43:47.209Z,123.4375,2,1.5625
0x20956414df16f474b4726cfec8bd995d660b62c5,0x3a180e01318a909880fc99aab86d5eebedeaa502,2026-03-20T11:50:24.554Z,123.651,2,1.249
0x20956414df16f474b4726cfec8bd995d660b62c5,0xe370f47bb5c5f6792dc010a0135832a1b5cdc3df,2026-03-20T11:50:22.693Z,128.799,12,1.301
0x20956414df16f474b4726cfec8bd995d660b62c5,0x7fa7cfadbe12a9b0612c766301cc0edc1ad8e1d6,2026-03-20T11:47:38.133Z,130.977,3,1.323
0x20956414df16f474b4726cfec8bd995d660b62c5,0x41b55c7bed85cd5dd314fe500a9f907befd2ef12,2026-03-20T11:49:15.741Z,131.472,3,1.328
0x20956414df16f474b4726cfec8bd995d660b62c5,0x15799a395281b7e001b6c9c5e5ed24fffbbf2341,2026-03-20T11:50:08.633Z,134.046,5,1.354
0x8898b94ffb619e902f4597d4255f42aee57fff5e,0xc36044022955818233f4e1446b2397f4aa2af308,2026-03-21T09:53:03.856Z,136.34431,56,1.55569000000000001
0x0748ac42e139fc3830369d8e1a2aed74e5beff00,0x49f6ac707e1b14472594fd0343168225f130f5bc,2026-04-01T22:13:41.126Z,150.262147,2,2.7378530000000003
0xb05dbe48ae8fb3ebdc21b3bd9f1c40382a37b55c,0x715897af302de47cf4e96b8907d0eface9655dda,2026-02-26T06:33:15.412Z,152.503448,56,1.696552
0x12aca5d31d22a795d21b1bca516008f1e54fc8dd,0x3e799672c02b4f5638563d01cca4bbaf21d18c0a,2026-03-25T19:58:41.234Z,152.797635,19,2.052365
0x20956414df16f474b4726cfec8bd995d660b62c5,0x9b3803b874528caa747d73232907e5e74d05a98d,2026-03-20T13:51:38.912Z,162.893648,6,2.106352
0x0748ac42e139fc3830369d8e1a2aed74e5beff00,0x5a7d0643640b425920e966340a26b30e4a452a39,2026-01-13T15:42:32.901Z,171.5,6,3.5
0x33ce33e8b2c897f79b773f7e45af84017e1d1eea,0xd6da3359f3755286b8e91858295e72cca9f7becc,2026-03-17T02:49:11.383Z,187.351893,45,2.08810699999999999
0x0748ac42e139fc3830369d8e1a2aed74e5beff00,0x32d74e1e21b34004a2949884695709ba057632eb,2026-04-01T23:29:28.787Z,191.332437,3,2.667563
0xd8965270291bdb87ec5024cc2ec95925e8959c66,0x80c5722c1f116f94cd98a489db7f18ca4147a2d4,2026-03-24T18:36:14.596Z,193.925743,4,2.07425699999999996
0xdb2baf24ea5284399336a61abffe2a28ef5e492d,0xa67f6f115d798362f2ac9399d8f7c187fb8516f0,2026-03-08T07:31:08.344Z,199.98,2,2.02
0x33ce33e8b2c897f79b773f7e45af84017e1d1eea,0x47cbc251d6e62a4a7eb91c698ff316e173636ce0,2026-03-17T07:51:30.100Z,206.486391,11,2.313609
0x0748ac42e139fc3830369d8e1a2aed74e5beff00,0x109ddc7062d5e4994ff3abd88b1883cb96d6bf40,2026-01-13T12:33:53.399Z,210.4939759999999999,15,4.606024000000000002
0xe58728f2cbb94f6c92c3e7f8f16be66e7c1ebf3e,0x5fb1f3de4dfe5bdcc9ec2a29ba559c81ec53b900,2026-03-06T07:24:59.432Z,210.862541,5,2.137459000000000002
0xdf83c58dddeecbd9f42a10ec46bbbf4eca982670,0x7289b0146acecd07d7b553da39e515f2a13f027b,2025-12-25T10:40:22.390Z,219.641222,41,5.35877800000000005
0xb48483c316e5da4b8a25aaf5c95b511c474e7763,0x2e0f8be985fdba19c129d7671edbc6982e278289,2026-02-28T14:33:00.623Z,229.85487000000000014,209,2.3451300000000000009
0x3a554db818be585eb8328b482f97f42ad0cae3b6,0xda270eccfa04ad14e52dec5530ca02b8644b9c82,2026-02-25T13:26:37.059Z,244.517321,1,5.482679
0x9417d92748f2e630743e42cd5b6352d5d355c7af,0xdb2baf24ea5284399336a61abffe2a28ef5e492d,2026-03-07T15:35:54.582Z,246.69315000000001004,39,2.49185
0xe56b74dd3ac2a71f2b7961b83f9448b847c3e630,0xe48249bf7185fcd706bd0baf29cb60ab195d3f54,2026-01-13T15:22:18.759Z,254.326232,4,10.673768
0xb691fa46466cc5a6cbb61b017268c97b7b37c846,0x7d11447b359de9c59d6f64a611094338bbf1356a,2026-03-08T15:31:43.516Z,279.9621,355,2.8279
0x33ce33e8b2c897f79b773f7e45af84017e1d1eea,0xb2fa2a309b607ab8def2b97892ba5ca9d10385d9,2026-03-17T09:03:09.848Z,291.0059259999999998,40,2.994074
0x25b73f297a31dc91db5c3367a48c7cced11da27b,0x6a2d2bafd7ce74cbb6b7867098c0f575f6d56e54,2025-12-25T10:05:52.277Z,312.630265,43,8.86973500000000009
0x33ce33e8b2c897f79b773f7e45af84017e1d1eea,0xfb4a352611ee5e792c5705c86c5cba51fd3b13b8,2026-03-17T09:06:11.370Z,331.492504,29,3.50749599999999999
0x2d81fcc8f45f30de22c215a9d38ec790d17ea7eb,0x2d923507a8e805ea0105391d9558b3ff9882b026,2026-01-27T16:01:10.151Z,335.917205,29,7.082795
0x7289b0146acecd07d7b553da39e515f2a13f027b,0xce363b310b95038bb28ca32bdd0e44609d683b4d,2025-12-29T08:17:16.588Z,343.2477260000000005,31,11.60227400000000004
0xcb36e42bfa6711ea6313a6d9184634b016d302f7,0x91925e2501e923b9cf9446f74ba9d0f1cc59f648,2026-03-09T21:20:29.751Z,345.815265,25,3.684735000000000008
0x84e35e380181b898a6072aba5015cfa8f9f91fa9,0xfb6981d0d90ec0524c88e5d6352ba57f09293d00,2026-01-20T14:47:25.716Z,360.963659,4,9.036341
0x33ce33e8b2c897f79b773f7e45af84017e1d1eea,0x2d80a4136e67a1ec29e1b44a6622844ee73b6883,2026-03-17T08:32:46.193Z,368.521514000000002,13,3.9784860000000001
0xb0de0497d6fb452dd1098ec041473f497d81a2b5,0xba82ac120cee3552e7ceb561707e4eada48e71bb,2026-02-15T01:11:00.938Z,375.21,2,3.79
0x4d48aaca3c30668d9ac9d4a6c4ab13a56063329e,0x24c9b7acf96fb1da721577534cf3c49879165ec3,2026-02-11T21:05:59.283Z,390.0905430000000011,75,4.009456999999999995
0x20956414df16f474b4726cfec8bd995d660b62c5,0x2e2bde7d3897376a69ba808e990cef128259ba1c,2026-03-20T11:47:59.951Z,396.99,4,4.01
0xb68be55ee7f9176f15a954dc8ea0b53254641bd5,0x85fa055df644f77f0513fe1d4eeddecb7b6e2e37,2026-02-15T06:08:58.066Z,410.1802030000000003,33,5.39479699999999996
0xe4835b724402b1cb04fc0920445f21f10aff9502,0xb48483c316e5da4b8a25aaf5c95b511c474e7763,2026-02-24T20:31:10.577Z,439.98487100000000004,286,4.5151290000000000014
0xd0e93a6fe3f0a04922a48af7d16fd3af3d057942,0x3c321a351b7c68674f59f0f4c3ab8b78da50d7b6,2026-02-28T12:37:20.128Z,441.54,4,4.46
0x93615356c70205ef4aec03521a1eb33df68b9ade,0xb691fa46466cc5a6cbb61b017268c97b7b37c846,2026-02-23T09:42:59.322Z,442.43942300000000012,605,4.4905769999999999997
0x275bb46e06c9c8b0fa5f459f7ea69c683f146382,0x8e6b0734dbdb652918fb732ef023dbf6a41f259d,2026-01-19T19:49:41.316Z,452.877456,22,12.12254399999999982
0x34b02a2f9fde8e460e817da2135cecaf30fd6e8d,0xdef3081268d53f93bf00b9715f2cb3e498dee913,2026-03-12T14:18:01.814Z,465.3,3,4.7
0xc24155df660ab2252d9d0858b1ee007959fa9e45,0xb3bdc7fa16d62ec34a9e9d9ad4384e6af47fa9de,2026-01-26T19:11:26.017Z,479.122635,19,4.877365
0x9d82d0c5af80d177806d9b18d6cc784211bb8d20,0xecfc31dcb7530baf510fd6c1971e7ac18c0576c3,2026-02-16T22:08:23.103Z,495.99,15,5.01
0xce48d613fe4a174b0678681a53c0136e17e29ca0,0xcc46001d4a1fa3f161e9b07bea4777e309457103,2026-01-19T19:24:47.025Z,532.340475,23,11.609525
0xe68035fc8f7a5c45d669d0d9335bba7d4eb07f91,0x4c4c84b5ce537df064fa8b04a0af972cfc8c1bb5,2026-03-07T02:51:54.947Z,579.784025,3,8.2159749999999995
0x5fb1f3de4dfe5bdcc9ec2a29ba559c81ec53b900,0x9417d92748f2e630743e42cd5b6352d5d355c7af,2026-03-07T10:12:30.549Z,596.479951,7,6.320049
0x8d4878402f604dcc729f129ba945703c4c9c60b9,0x27b147df43ac82e8d238dfc7aa6106aecaf9f57b,2025-12-18T06:24:28.274Z,601.607216,34,8.39278400000000014
0xd0e93a6fe3f0a04922a48af7d16fd3af3d057942,0xe58728f2cbb94f6c92c3e7f8f16be66e7c1ebf3e,2026-02-28T12:37:57.994Z,621.5616,15,6.2784
0x059a59c39d3150e5221df2fdace64076b7f8a4b6,0x350d8f312c82e958f30892f3420b7eb4060d9b3b,2025-12-18T07:43:33.894Z,652.714051,34,9.2859490000000001
0x20956414df16f474b4726cfec8bd995d660b62c5,0xd4e967ca873014649229e05af32a9d7e945d208c,2026-03-20T13:51:28.343Z,669.017061999999999,22,7.982938
0x10b7149b801ddfaf3a59d63e8d64d20a5e488426,0x053093cb4eb008880f23412315e3f9b23e5660df,2026-03-06T13:50:53.738Z,684.8226,24,6.9174
0xe4835b724402b1cb04fc0920445f21f10aff9502,0xddd1fcaaf01c5ad353a86445d8a935f336a307bf,2026-02-25T20:41:59.048Z,700.41587800000000005,134,7.0841220000000000013
0x20ee1b0b86a0b0fca908b1be145bac2bb8196e05,0x006b072d9500ff3123653a54c5ec1dd09ecb2b99,2026-03-02T05:10:18.848Z,759.533612,38,9.466388
0x20956414df16f474b4726cfec8bd995d660b62c5,0x89b2bad5b30a4536224eebfd26e3ecefa3c0ff9c,2026-03-22T07:17:50.901Z,828.54691,13,11.45309
0x439f79b608fe1708cafd720581855a444e1b02bf,0x5ac56b8dd60b4df028713c69bfeea47e1515794c,2026-01-17T13:05:29.032Z,838.004321000000002,22,16.99567900000000015
0xca2c1ab4189b5af1768e0ebc81f49d9853561f1a,0xab61bb547891b00f41b009247add4e147fe77d8e,2026-02-24T06:49:39.096Z,853.25569,8,9.74431
0x6a248c41b87a29f55feb3e83060108c85c4b7735,0x3a554db818be585eb8328b482f97f42ad0cae3b6,2026-02-25T12:55:57.075Z,951.207621,6,18.7923790000000003
0x127416f1776efbc781e5b89727e1d5799c8f696d,0x059a59c39d3150e5221df2fdace64076b7f8a4b6,2025-12-18T07:17:50.340Z,953.614276,55,12.38572400000000017
0x2c783c5fe6c0c97feea6dd9ebf1e44ab82588004,0x648fac66418f6629616f52821d69aa498ed9e1bb,2025-12-27T08:20:14.120Z,1156.452275999999999,39,20.04772399999999988
0x9e99297f1fe3722cc0276b3ecf6283abd6175f4f,0x8f562f70ffa72eb1545f3e63b0be4dd1a3387593,2026-02-19T07:18:05.219Z,1173.6031799999999993,112,12.4982910000000001
0x0ad2cf55ca69d287c006b18fc51b9eb4a60deab2,0xa3a61841a3b817e4aee4df564b7b218636ad02b8,2026-01-25T15:01:53.945Z,1229.4345080000000065,56,30.37549200000000014
0x3db1fa69e29c873e6d43a7cba530c5782e99e879,0x22705e4e5ec9e3c06f817dec91b9ba8df9017e29,2026-02-25T17:08:13.192Z,1315.265675,89,15.734325
0x25b73f297a31dc91db5c3367a48c7cced11da27b,0xdf83c58dddeecbd9f42a10ec46bbbf4eca982670,2025-12-21T03:06:24.724Z,1454.304896,91,48.79510399999999986
0x0748ac42e139fc3830369d8e1a2aed74e5beff00,0xb68be55ee7f9176f15a954dc8ea0b53254641bd5,2026-01-11T13:15:33.174Z,1524.2105060000000012,222,18.729493999999999872
0x22705e4e5ec9e3c06f817dec91b9ba8df9017e29,0x7d65059467fc4aee5f3db3572b3ae4a2dfc9ec17,2026-02-26T12:47:20.747Z,1690.528182,139,17.37181800000000002
0x519556b80b6d68ff479aad6520ac8247c20dec89,0xdfce63c5b8d272d0fcf41b5f21e888e7ebef2e9e,2026-02-02T13:06:13.824Z,1702.625,67,17.317
0xe68035fc8f7a5c45d669d0d9335bba7d4eb07f91,0x7967fb2cc49d77e898535692fbf3038ccefed2ff,2026-03-07T16:57:19.784Z,1760.31535,8,23.1846500000000013
0x78300c6bbd69599ace219ef4c8d51b9b521f52c3,0xe5ab5fcda4e97472771b60b1d62795bde8f6f202,2025-11-28T22:18:27.225Z,1804.272473,17,25.7275269999999999
0x2c783c5fe6c0c97feea6dd9ebf1e44ab82588004,0x2d81fcc8f45f30de22c215a9d38ec790d17ea7eb,2026-01-24T13:41:57.469Z,1834.9917759999999954,166,20.828224
0x5fb1f3de4dfe5bdcc9ec2a29ba559c81ec53b900,0xedd7c87031bd0489d04948806c7d01e8b911ff84,2026-03-07T10:12:33.124Z,1950.6366,29,19.7034
0x5d9cea6b01da69c08134aa5ce8244c4a40b3bd8c,0xb0de0497d6fb452dd1098ec041473f497d81a2b5,2026-02-11T04:33:53.814Z,2060.141792,17,25.858208
0x3a554db818be585eb8328b482f97f42ad0cae3b6,0x28d5d41c8707cc9eb4e179923c27c8a0c2b9ec0a,2026-02-26T09:36:32.091Z,2191.07360400000003,10,28.926395999999999
0x3db1fa69e29c873e6d43a7cba530c5782e99e879,0x39dadf8fd3d5304fa96037579272353132b9cc1a,2026-03-18T12:14:49.085Z,2373.1282900000000001,28,28.0717100000000003
0xe56b74dd3ac2a71f2b7961b83f9448b847c3e630,0xb533b0fa3208f9c22abbef4d705e4ed1f939511d,2026-03-26T16:32:27.719Z,2427.00567999999997,7,28.55432
0x0ba425b72bce0ccb1d1ec72a1b4c6d7559f4a6c7,0x1ba7a8088c75f8fd589e21216837276b84810f32,2026-03-25T18:57:46.215Z,3284.3570519999999962,68,36.661115
0xdae95f4a6626c2d316615f6e211c9fd2f61d2841,0x80ed9384b5ecd6621caf6f52e04af500904dcd4a,2026-03-30T17:49:07.164Z,3163.789134,8,36.210866
0x70648f2d2123db1e48f1eef188d822c402270390,0x20ee1b0b86a0b0fca908b1be145bac2bb8196e05,2026-01-22T03:28:22.472Z,3383.381253999999998,299,36.11874600000000001
0x39ef872eed4ea0918d5bb5113ec90bcb6ba278ad,0x25b73f297a31dc91db5c3367a48c7cced11da27b,2025-12-16T17:44:48.500Z,3443.671776,175,38.32822400000000025
0xdfce63c5b8d272d0fcf41b5f21e888e7ebef2e9e,0xd0e93a6fe3f0a04922a48af7d16fd3af3d057942,2026-02-15T14:03:22.797Z,3741.3437709999999998,54,37.816228999999999996
0xd178689300dcbac5923c88d16b3720d751b7abc8,0x8d4878402f604dcc729f129ba945703c4c9c60b9,2025-11-30T03:42:18.838Z,4592.01814,233,49.98186000000000008
0x216d145fe515620d972156baf7a2e3b2066d60d9,0xd03d64bd7c8eb7bb3eaba3daf308e3f19bd21785,2026-02-25T02:26:49.378Z,4848.712728,304,52.287272000000000004
0x6efef23d9e8e4fbde7ed89b3494b61a1a0b23f13,0xd178689300dcbac5923c88d16b3720d751b7abc8,2025-11-11T13:16:24.837Z,5134.358655,274,78.85134500000000017
0xd581be9bf26e5c9ac5fa70d4af98aedb68d6e958,0x527e808736f6cbd459d8def3228b83cf41671453,2025-12-18T05:29:03.824Z,6131.169418000000014,312,84.83058200000000028
0xbc2a51ecdfbdd8dafd658f88b435ec6c9a2eeb92,0xfe8ba4fc3fb4fe30bba2b806bbb6c32bcec0af1c,2025-11-26T20:43:49.094Z,6243.98497,100,72.71502999999999998
0xfe8ba4fc3fb4fe30bba2b806bbb6c32bcec0af1c,0xbfc2e646301b9ada0ff151329680a22975800faf,2025-12-17T23:28:13.759Z,6348.722370000000002,326,81.2776300000000002
0x1ba7a8088c75f8fd589e21216837276b84810f32,0x22ded34bba63458e5decf30ea9e2fccc43eb9d15,2026-03-26T02:29:34.751Z,8554.2871719999999908,98,116.21282800000000118
0x5c20c0fdda729fd720eb7d09ecb7c7c6a98e41d5,0x127416f1776efbc781e5b89727e1d5799c8f696d,2025-12-17T20:29:25.869Z,8883.94064,453,127.1593600000000002
0xd03d64bd7c8eb7bb3eaba3daf308e3f19bd21785,0x394fe9d7f2f7993caa909854974500ce1ff264c1,2026-03-06T09:42:10.005Z,9210.96,90,93.04
0x8fef0effdd752ddb0c552683ac5336ee26f2acde,0xb05dbe48ae8fb3ebdc21b3bd9f1c40382a37b55c,2026-02-25T02:47:21.469Z,10540.576399,174,106.623601
0xd0f9114f12755918c40d25417e32c6b2aec73a0d,0x4a064100f82842c319df1d3d6ef5b743f4625e04,2026-03-06T01:24:55.170Z,10811.136973,34,110.7630269999999997
0xd6ab23993c68d4e38c090a63acf5e27af260b901,0x5082ab65a99144f29017a7ccd1bcd336e5942aa8,2026-03-11T09:13:04.658Z,12064.704959,103,126.495041
0xb05dbe48ae8fb3ebdc21b3bd9f1c40382a37b55c,0x3db1fa69e29c873e6d43a7cba530c5782e99e879,2026-02-25T13:03:49.652Z,12191.587095,203,126.012905
0x127416f1776efbc781e5b89727e1d5799c8f696d,0xd581be9bf26e5c9ac5fa70d4af98aedb68d6e958,2025-12-17T23:41:39.266Z,13153.328098000000002,668,166.67190200000000102
0xd03d64bd7c8eb7bb3eaba3daf308e3f19bd21785,0x34e917088b882850d35bd8bd2f01b0c5cc84f32d,2026-03-08T14:53:35.095Z,14216.881444,127,149.3185559999999998
0xc45ebbd7694e66965805d9f152e2efe326882098,0x9943f05847fe37430c0747ec3d2bae6b6dc9e0e7,2026-02-11T23:19:30.285Z,19957.951679,34,252.248321000000001
0x0ba425b72bce0ccb1d1ec72a1b4c6d7559f4a6c7,0xd0f9114f12755918c40d25417e32c6b2aec73a0d,2026-03-03T03:24:27.121Z,35869.27513200000001,118,372.8648679999999997
0x7d65059467fc4aee5f3db3572b3ae4a2dfc9ec17,0xd6ab23993c68d4e38c090a63acf5e27af260b901,2026-02-27T09:11:33.859Z,37376.500035,161,402.299964999999999
0x8fef0effdd752ddb0c552683ac5336ee26f2acde,0x216d145fe515620d972156baf7a2e3b2066d60d9,2026-01-25T14:29:22.428Z,43954.81763700000003,251,487.98236300000000102
0x0748ac42e139fc3830369d8e1a2aed74e5beff00,0x439f79b608fe1708cafd720581855a444e1b02bf,2026-01-09T02:21:11.125Z,57679.00330699999999,390,829.40669299999999935
0x216d145fe515620d972156baf7a2e3b2066d60d9,0xdae95f4a6626c2d316615f6e211c9fd2f61d2841,2026-02-24T15:46:37.855Z,100325.846959,389,1045.153041000000002
0x4244ce74e10b51f229b3c055ba5b01ed6ea3781b,0xc45ebbd7694e66965805d9f152e2efe326882098,2026-01-15T14:21:47.264Z,140702.7088889999999,204,1943.2911110000000009
0xd0f9114f12755918c40d25417e32c6b2aec73a0d,0xfddc0af9c60140cbbc20f0d55cef2abdc8bd770b,2026-03-08T13:56:36.448Z,151986.582508,398,1698.717492
0xd581be9bf26e5c9ac5fa70d4af98aedb68d6e958,0x4244ce74e10b51f229b3c055ba5b01ed6ea3781b,2025-12-18T09:21:49.277Z,173645.898255,230,2214.1017450000000057
0xbc2a51ecdfbdd8dafd658f88b435ec6c9a2eeb92,0x78300c6bbd69599ace219ef4c8d51b9b521f52c3,2025-11-08T22:07:57.855Z,440242.834218,854,5264.5657820000000076
0xfe8ba4fc3fb4fe30bba2b806bbb6c32bcec0af1c,0x5c20c0fdda729fd720eb7d09ecb7c7c6a98e41d5,2025-12-17T12:53:27.905Z,453720.332755,960,5609.7672450000000098
0x38ea4df06ea1fc874aef5fe0a2a8e77510ae041d,0xff73db772c876af5025256b21d98c307bf9b8402,2026-01-16T17:27:36.173Z,0,0,0
0x5ac56b8dd60b4df028713c69bfeea47e1515794c,0xf13a7e1d844e015c2564f3279b08193086685dec,2026-01-17T13:10:19.426Z,0,0,0
0xf13a7e1d844e015c2564f3279b08193086685dec,0xcc04af2c31efbe3aaa426b91dff04aa50eb4bc5c,2026-01-17T13:12:26.663Z,0,0,0
0xcc04af2c31efbe3aaa426b91dff04aa50eb4bc5c,0xca9117d81c46b325a0aecd7ef98a8edcb1cb3e2e,2026-01-17T13:15:20.677Z,0,0,0
0xca9117d81c46b325a0aecd7ef98a8edcb1cb3e2e,0x81c0dd83cfdfb138904263e79e728e3322e05f63,2026-01-17T13:27:29.086Z,0,0,0
0x5ac56b8dd60b4df028713c69bfeea47e1515794c,0x3b49edfae5fe5bdccec1e0aeb48c7823ab27c16a6d2ccbe85d,2026-01-18T14:46:43.405Z,0,0,0
0xd21673e2d79c952df4e3fdb07338cfbb0b69c9a8,0x6a248c41b87a29f55feb3e83060108c85c4b7735,2026-02-24T20:40:54.726Z,0,0,0
0x42f42cf3b3f20ac096a6f5475633c906023cae76,0x148584983ba2d28610d7bee4b9fb82212dda10d5,2026-01-19T18:18:38.363Z,0,0,0
0xa67db87b7d75201d89f5a88b1caab054371ab912,0x575676b48ade03af958a17c7ce7f732e95cdca84,2026-01-19T18:38:57.003Z,0,0,0
0xcc46001d4a1fa3f161e9b07bea4777e309457103,0x6c0149d6dfef35cc976867ecaea19ee09afa4cee,2026-01-19T19:30:19.700Z,0,0,0
0x6c0149d6dfef35cc976867ecaea19ee09afa4cee,0x275bb46e06c9c8b0fa5f459f7ea69c683f146382,2026-01-19T19:41:03.465Z,0,0,0
0x31acb275979346c82209c6f6eb053f9adfeaf898,0xb4e1200c23f86fc18a76d96d9c06dd6e9592d373,2026-01-19T21:33:16.290Z,0,0,0
0xc3be9c635ed3aa8faec0717cf190de3a21822c64,0x84465a23d55fd126add80e39525a804f5a9d8f98,2026-01-20T02:35:36.506Z,0,0,0
0x8898b94ffb619e902f4597d4255f42aee57fff5e,0x21d4cbab7fb5dda6cff441d87c04becca02e87de,2026-01-20T10:51:59.535Z,0,0,0
0x2e79c85dd05420285281117e9cbc5cd8e4cf2561,0x93ba179d75894d2d495a69a09ed7034033c0997a,2026-01-20T12:08:35.864Z,0,0,0
0x2649d688998096cae169a33844024ebce2ae34dc,0x474f41d5bb8e430091bda9b54f8924986e6bbd2b,2026-01-20T13:22:45.715Z,0,0,0
0x84e35e380181b898a6072aba5015cfa8f9f91fa9,0x855be7615b54c60f5fbedbca410fb8bd4f6b2ead,2026-01-20T15:01:14.784Z,0,0,0
0xc35ffbde25a21891ac42a6c7807cbb3d1fdc55c4,0xfaf90f07f31d8ddd9ccae81e1889ee6090100956,2026-01-20T16:29:40.272Z,0,0,0
0xcc46001d4a1fa3f161e9b07bea4777e309457103,0x26dc51d4ebe54517f13f9ee1924239b5a866c417,2026-01-20T16:36:45.526Z,0,0,0
0x0748ac42e139fc3830369d8e1a2aed74e5beff00,0x373fd86f376e52ecf8ded50fd0aa1f9cc407f066,2026-01-20T17:24:17.955Z,0,0,0
0x7c208d9d90049d97f6ef3e7284be5eeb87b3f025,0x5ed1d6e27c7b17115381e94f092facee71a7d2c0,2026-01-21T05:40:26.867Z,0,0,0
0x0748ac42e139fc3830369d8e1a2aed74e5beff00,0x8e9c5372c7053355dbeda91658d4d9d409fb7967,2026-01-21T10:03:36.900Z,0,0,0
0x93ba179d75894d2d495a69a09ed7034033c0997a,0x1e95933d72e9248cfbaf6b95a83e3103e837108d,2026-01-21T11:13:27.147Z,0,0,0
0x0748ac42e139fc3830369d8e1a2aed74e5beff00,0x4e8a649d56b654d4c8ba92bdcf1415fbb95b319a,2026-01-21T11:51:20.676Z,0,0,0
0x0748ac42e139fc3830369d8e1a2aed74e5beff00,0xe9f369a4fa7d815e88496149367f2e96034f9330,2026-01-21T12:03:44.737Z,0,0,0
0x0bd309922159ca8852b3de0041165743baab8cd9,0x0eee0bcba4cea8e4be7c4345420029b93d0436c8,2026-01-21T13:04:06.695Z,0,0,0
0x1d6ad4a57ce8aeb6b60a92e470f009eef6c44cdc,0x59a9f6dac9f5df269cf0ff9571b68720d0e66a98,2026-01-21T13:05:28.769Z,0,0,0
0x256c04399ad16a69323b4e83aa966bb1a6aefb12,0xc7e6e626a1afd2d05afbd6ae17af5bfc9093fb40,2026-01-21T13:41:23.678Z,0,0,0
0xfd0b9ee1987186178dfe8c4e13b831085b600ef6,0x45bb79b2e2e30b0f6aa2c59f970277a42c4c5709,2026-01-21T14:54:45.925Z,0,0,0
0x648fac66418f6629616f52821d69aa498ed9e1bb,0xeed3c482408d82fdb3bb810f1844a4041f2349f0,2026-01-21T16:25:07.039Z,0,0,0
0xeed3c482408d82fdb3bb810f1844a4041f2349f0,0xb32160a21cc578b1a1fb80581ac284738de417a8,2026-01-22T03:04:14.977Z,0,0,0
0x439f79b608fe1708cafd720581855a444e1b02bf,0xa226003bcf1a93918369f5a16f3ff72f150ae383,2026-01-22T07:50:03.185Z,0,0,0
0x73b38a9141cb5976ab874165333cf53d3aea9554,0xc17643f1f0344912b99236f0afbcfcc390049556,2026-01-22T09:04:18.074Z,0,0,0
0x1a4e68018bffe39ec881e5a7fbbd21c950f4ca1a,0x38b53307e32c5dc2a360697b78bc8d381c7be82b,2026-01-22T09:05:14.014Z,0,0,0
0xd33b3ceff73302f3f005cc24d3ca1d8dab8eacc9,0x5f38acf2091a4554a5ebd3be9e62c284b67ce614,2026-01-22T10:37:14.084Z,0,0,0
0xa94811b4a4ac8b0d39e471a0ed65d57153718c77,0xd6d93956b2b7c34fc27d08050fdcdc1c69c7a7a7,2026-01-22T14:11:34.292Z,0,0,0
0xd6d93956b2b7c34fc27d08050fdcdc1c69c7a7a7,0xb0cb42563ebbfcaccb9542ba8b059bf649cc95cd,2026-01-22T14:15:21.101Z,0,0,0
0xd6aeea9bb3c4cd1ccf44181d3db89f877659d509,0xc5a9cbace889aabcfbcc29e3a78ca27005463d85,2026-01-24T13:27:09.632Z,0,0,0
0x2c783c5fe6c0c97feea6dd9ebf1e44ab82588004,0x2893d1cb635949d7ae3b22e633457fc85787f030,2026-01-24T13:44:38.571Z,0,0,0
0x87cf8c4a37987bdd2a4aaa4027e3abec003989b1,0xe232b6fb285ce9986500305783bb8b4513f4f7ca,2026-01-24T21:23:40.895Z,0,0,0
0xce595730981b507afb975ff48d387340f9ffa70d,0xfc62a9c7ea01d896daaa78bcac45780eb7493bbb,2026-01-26T04:52:29.210Z,0,0,0
0x09d389ec973e77e0d04be975a3819508dca5ad32,0xd02fb2ca01e13e192fba6da048807a0208394032,2026-01-26T06:33:41.491Z,0,0,0
0xd03cd0f15db195bca166e9fef75ffc34078e1263,0x9811cd50761593986bde473ca5d7dde103ccac7f,2026-01-27T12:30:49.461Z,0,0,0
0x84e35e380181b898a6072aba5015cfa8f9f91fa9,0x082eab0c4fba4ce7cc8df52c9fc9efb36d66664f,2026-01-27T12:36:39.256Z,0,0,0
0xd03cd0f15db195bca166e9fef75ffc34078e1263,0xd135121775d21e6960e4814c7d36ce1c29e41b70,2026-01-27T14:56:19.125Z,0,0,0
0xd03cd0f15db195bca166e9fef75ffc34078e1263,0xbb358cef7dccb3b594bdfc9b5b912363eb4b0190,2026-01-27T15:02:36.095Z,0,0,0
0xd03cd0f15db195bca166e9fef75ffc34078e1263,0x8d4cd357308ac347dd13f73b168a1a992cffc2b8,2026-01-27T17:40:59.393Z,0,0,0
0xd03cd0f15db195bca166e9fef75ffc34078e1263,0x7f093801449f1ad6a4ba9ea3558daf8eb71f26f0,2026-01-27T17:50:08.935Z,0,0,0
0x2d923507a8e805ea0105391d9558b3ff9882b026,0xf67fe1c574dfdab31127a8b2837d14dbaa8e4223,2026-01-27T18:50:54.344Z,0,0,0
0x7c0f31924b2028ac3e71672f6d89fbe48433190d,0x286328b42604a9fd24d49b5bd7612a28633902e9,2026-01-27T23:37:41.120Z,0,0,0
0x2d923507a8e805ea0105391d9558b3ff9882b026,0xe11e9e778a826d99f29f3291337dc054f21b1712,2026-01-28T23:30:34.223Z,0,0,0
0x530849607a3eb8f339edaa80091bb0b29f68046f,0x64d50fe2927d28d50fe4f4fb09a58022c6ca9828,2026-01-30T20:30:27.037Z,0,0,0
0x6ced70494e8923c6a4bd4056e0a16835252cd65c,0x9148a2e4b48ab67bb648df86cff39188d3e2e3d0,2026-02-04T11:58:18.902Z,0,0,0
0x2d55e2e91764b3577151af5fc9e94dead556d74d,0x63b317b26ab14bdf687ee2123695cda1b46e2c49,2026-02-04T13:10:48.778Z,0,0,0
0xa1565a89f82a4f6b1130a61c1bff02c9f3069971,0x90f2e4e3ec6eb3322811b6e05511c3067c0d69a4,2026-02-05T13:08:49.543Z,0,0,0
0xe4d99d9ec1ad4e2c5e6995e9310b6e7f34d2d7dd,0x0e64e0eda642fe41c1bb82680d38680248f9095e,2026-02-07T00:11:10.540Z,0,0,0
0x04618a23611d945e8e3d8ba9cdbcc041af0e9dbe,0xc13d7c74725efd49e92b5816146156186fefa134,2026-02-13T09:38:26.858Z,0,0,0
0x254e9f4744dcc8352d861dddf25e25f6be49cbff,0x708f621b06ec8b04f16e5dd84046b5221a76e704,2026-02-15T15:09:07.473Z,0,0,0
0x1d15f58d8ba8f2b8440a5e8576c2b8c8afdde45f,0x67d76b23fe4678423e845cdc5e7c4bba476fe30d,2026-02-15T18:18:51.854Z,0,0,0
0xe56b74dd3ac2a71f2b7961b83f9448b847c3e630,0x5f7ef105a0f198cec6031ec4b15f84c17df85720,2026-02-17T12:09:17.750Z,0,0,0
0x9e99297f1fe3722cc0276b3ecf6283abd6175f4f,0x4bb7b089e87d7d9407a50d0e8da35cb8ef192ab5,2026-02-19T05:32:18.442Z,0,0,0
0x24c9b7acf96fb1da721577534cf3c49879165ec3,0x0cb9b3bb610807cbf84740d14236ff3ba1c023fd,2026-02-20T08:57:26.595Z,0,0,0
0xb9ed1a0f92280327157a834590b16d105fad949c,0xd947e34dd724a63d1f50080664c4a3b8d47575f4,2026-02-20T09:50:32.786Z,0,0,0
0x519556b80b6d68ff479aad6520ac8247c20dec89,0xda0936f0b99802cf09fd6595dae5295dd20ef214,2026-02-21T16:39:47.189Z,0,0,0
0x8047c813998c59dc4769ed846f72ae8e3a53ae8c,0x683d618fb0cece1fbe7a438bb85e943544f34778,2026-02-22T15:55:07.714Z,0,0,0
0x2d81fcc8f45f30de22c215a9d38ec790d17ea7eb,0x57557716746d082d84641846f83e2a1cb9a1b0a0,2026-02-23T19:53:05.277Z,0,0,0
0x8898b94ffb619e902f4597d4255f42aee57fff5e,0x9f28435549fb4b5191b16ce3c72b1cfeb5b691ba,2026-02-23T20:32:09.707Z,0,0,0
0xb691fa46466cc5a6cbb61b017268c97b7b37c846,0xd56eb3aa68446432befb5e4225d1cb31687287e5,2026-02-23T21:53:13.169Z,0,0,0
0xfd2e793ca92576a58ef60b6a1a39505acd3170eb,0xa0892ab568ea1dfa897b2f7c426ba655fcee010d,2026-02-25T02:03:20.676Z,0,0,0
0xcebd7ec98678c4cfd19a2774cd281e1bb8386320,0x1e187066401dfe898edfb8fa74cf5d2502206722,2026-03-31T10:08:49.180Z,0,0,0
0x20956414df16f474b4726cfec8bd995d660b62c5,0xacca8c44899d0fbbdfd94a550d97acf4555ec46d,2026-04-01T10:53:11.636Z,0,0,0
0x33ce33e8b2c897f79b773f7e45af84017e1d1eea,0x43ff4f5c380603a6ff89b731ad8fc86ea7d93fec,2026-04-02T10:33:25.397Z,0,0,0
0x33ce33e8b2c897f79b773f7e45af84017e1d1eea,0x1a2e249379224243f2e12378dafd1cd91263b92b,2026-04-02T11:02:26.614Z,0,0,0
0x33ce33e8b2c897f79b773f7e45af84017e1d1eea,0xc572a4d6262d3706acdef87b6cedebf7d50534c2,2026-04-02T21:48:08.827Z,0,0,0
0x6dc4635548fcb20e070aa97eb6000e6a5f450f59,0x649c85ec590f9aefb4ab971e2c89efaf666c1f19,2026-04-03T06:58:37.873Z,0,0,0
0xa28989b5eff508d27b1de8cf40f64924044c8b0b,0xdd543cd20ffe083f426526e55eed67ca7acd4a78,2026-04-03T13:23:23.325Z,0,0,0
0x78300c6bbd69599ace219ef4c8d51b9b521f52c3,0x5f6ec06bb987fa0d00126c6dde5b4077cb3ecc87,2026-04-03T21:55:35.457Z,0,0,0
0x33ce33e8b2c897f79b773f7e45af84017e1d1eea,0xd98948882a7e8481f2d9b21b8f019dab2ea248b9,2026-04-05T20:23:27.661Z,0,0,0
0x0748ac42e139fc3830369d8e1a2aed74e5beff00,0xe1597c096b12a871aa539849ec7e6e21020b66ec,2026-04-06T11:59:38.971Z,0,0,0
0x91925e2501e923b9cf9446f74ba9d0f1cc59f648,0x9f98a39c2cd3a3975660c8703f3e13f6da973ed8,2026-03-27T22:15:41.863Z,0,0,0
0x4d0dda3e8cea285de92f264686675ac7b76283c6,0x68bbf9aed03fedd8ba920a6f2edaec26c0e66817,2026-02-25T09:59:39.335Z,0,0,0
0xd21673e2d79c952df4e3fdb07338cfbb0b69c9a8,0xe1f02a11d8f1d19557c4703bdf5f581f79d0e80c,2026-02-25T10:17:59.265Z,0,0,0
0x80bf228a728a74109799ea38e513357d69232103,0xe4133c58b124ae9717a7980f9965d0676bffa5eb,2026-02-25T12:44:41.750Z,0,0,0
0xe56b74dd3ac2a71f2b7961b83f9448b847c3e630,0x9dce923c1455c4807cdb5abb0f3627f427145369,2026-02-25T14:13:31.342Z,0,0,0
0x1948a7604ab9ddb25f42a443d5153e810dad2251,0xd9bb626a28c431e77d20c0a03bb5002e2a0e287e,2026-02-25T14:27:12.443Z,0,0,0
0x686d189ca57a38c58b736fc2a225492150d4f967,0xcccf2565e5efbf5ed9695e99bbcffe46137812fd,2026-02-25T15:13:35.098Z,0,0,0
0x8d52762c9e93d29ecf7424b6da520ba3acf52057,0x11aa5efa9b7a1e902ed5e675658f6a52b8df5aea,2026-03-29T13:32:08.274Z,0,0,0
0xe56b74dd3ac2a71f2b7961b83f9448b847c3e630,0x4f2583e3f2fe3908720cbddf100af221629b3f9c,2026-02-26T06:24:48.570Z,0,0,0
0x20ee1b0b86a0b0fca908b1be145bac2bb8196e05,0xde0ad674960dd595fea443930934adaa8fe5e74b,2026-02-28T04:15:04.519Z,0,0,0
0xd5d8f89ab472d0cf0218549194af5fe0c9a63cd5,0xc206873e19e6a6a8e662c23f5a62b400b62ac4bd,2026-03-01T14:40:49.540Z,0,0,0
0xe56b74dd3ac2a71f2b7961b83f9448b847c3e630,0x67fb558503a610fca58f8b6b1fd66cf6fbbf3275,2026-03-02T11:58:41.416Z,0,0,0
0x0748ac42e139fc3830369d8e1a2aed74e5beff00,0x267a234207c655341fff6bada2de7cc4b0edc975,2026-03-03T20:14:25.160Z,0,0,0
0xb68be55ee7f9176f15a954dc8ea0b53254641bd5,0x24df6f1a189b8bc0d8ba52dcb4bf9dd7de45f9ec,2026-03-04T17:44:08.084Z,0,0,0
0x80bf228a728a74109799ea38e513357d69232103,0x0b2ddb6f2f1086d32606a5e7345d5286a4cf4143,2026-03-05T04:28:57.159Z,0,0,0
0xc45ebbd7694e66965805d9f152e2efe326882098,0xcb505b1b28d3f6a3a6ec6b9bcf5090e553215a5b,2026-03-06T14:10:47.961Z,0,0,0
0x2d81fcc8f45f30de22c215a9d38ec790d17ea7eb,0xc5f43d98b61f19cbb8cb559b98450c36e886e4e7,2026-03-10T12:24:23.541Z,0,0,0
0x8898b94ffb619e902f4597d4255f42aee57fff5e,0x63ad07ae9cefa8409c5e94ac29913cbcdb33514c,2026-03-10T06:05:09.284Z,0,0,0
0x8898b94ffb619e902f4597d4255f42aee57fff5e,0x52e2f3167705705cb940ef78ed22576d98d9434f,2026-03-10T06:06:36.581Z,0,0,0
0x2d81fcc8f45f30de22c215a9d38ec790d17ea7eb,0x6fbc57ee677c21b91b7d7c7938eadcbbe26ab59e,2026-03-10T11:44:09.849Z,0,0,0
0x2d81fcc8f45f30de22c215a9d38ec790d17ea7eb,0x4db634f49686fa7d4e08970ca989f8b66187d356,2026-03-10T12:27:20.373Z,0,0,0
0x519556b80b6d68ff479aad6520ac8247c20dec89,0x7379d1d53a6cb72d86c796e064815fc06279e5c4,2026-03-11T07:30:46.166Z,0,0,0
0x5082ab65a99144f29017a7ccd1bcd336e5942aa8,0xe073b8524c68f9bc307a1b5f030b0fc1c01e18be,2026-03-11T09:14:54.797Z,0,0,0
0xe56b74dd3ac2a71f2b7961b83f9448b847c3e630,0xdff612b9fa22947709e9f726dde00479bc10b0bc,2026-03-11T10:09:53.562Z,0,0,0
0x7967fb2cc49d77e898535692fbf3038ccefed2ff,0x8fb1f6735a69af78d098a40e1f36aa3a225b5fd2,2026-03-11T12:55:25.001Z,0,0,0
0x4d48aaca3c30668d9ac9d4a6c4ab13a56063329e,0xe0409a0603b8d5b1bea12c3467f3ee5160cfe721,2026-03-11T17:00:47.101Z,0,0,0
0x4d48aaca3c30668d9ac9d4a6c4ab13a56063329e,0x4c81c05a9a8f7ea19adf67e22ba3ff12a6b0f4e7,2026-03-11T17:01:22.507Z,0,0,0
0x4d48aaca3c30668d9ac9d4a6c4ab13a56063329e,0x8c48a3ab67ef55c6ea2347c3c3cd45bb48d422ca,2026-03-11T17:03:14.990Z,0,0,0
0x91925e2501e923b9cf9446f74ba9d0f1cc59f648,0x61849e152f9a752d668f1656df01d0b270afcd10,2026-03-12T21:40:53.451Z,0,0,0
0x715897af302de47cf4e96b8907d0eface9655dda,0xbf02ba2e76728083775a694beec55c2c8b48b7ba,2026-03-14T14:46:08.566Z,0,0,0
0xc7c6bd6b4b2b841ea45602d7e5f6aae7dfe1f655,0x5a2a0d0eb5afbd9c8b5eb8175c0c66904d380113,2026-03-16T17:54:10.561Z,0,0,0
0x33ce33e8b2c897f79b773f7e45af84017e1d1eea,0xfbd72ed0a9408cb6f5a0986cd905d04e09d314dc,2026-03-17T00:59:21.207Z,0,0,0
0x33ce33e8b2c897f79b773f7e45af84017e1d1eea,0xadc4c00260544471fa58f41a639b8b59557902f6,2026-03-17T03:58:17.424Z,0,0,0
0x33ce33e8b2c897f79b773f7e45af84017e1d1eea,0xe2312dc8ff3459d09e750b6cdb54fe1e3ec4c42b,2026-03-17T04:04:38.611Z,0,0,0
0x33ce33e8b2c897f79b773f7e45af84017e1d1eea,0xf3fbc83c7f954fa31a1a78a2bfb0dce83e9daf91,2026-03-17T04:38:03.505Z,0,0,0
0x33ce33e8b2c897f79b773f7e45af84017e1d1eea,0x6b1296c70bae00cb4f49a7aa579e16e110fc3846,2026-03-17T05:51:40.220Z,0,0,0
0x33ce33e8b2c897f79b773f7e45af84017e1d1eea,0xf7a92ed0551dad5f23fed8212db56bd024a7dfb1,2026-03-17T06:05:21.405Z,0,0,0
0x33ce33e8b2c897f79b773f7e45af84017e1d1eea,0x81aeca08c44f708ae3205dd2ada6a92eadb10d0c,2026-03-17T07:04:45.878Z,0,0,0
0x33ce33e8b2c897f79b773f7e45af84017e1d1eea,0xf6da66bb497379b88fe13ff25b7bbd4bb368d6ad,2026-03-17T07:05:40.949Z,0,0,0
0x33ce33e8b2c897f79b773f7e45af84017e1d1eea,0xe8aac866f7adbff1d1561f022f3ec1fea3340168,2026-03-17T07:08:46.529Z,0,0,0
0x33ce33e8b2c897f79b773f7e45af84017e1d1eea,0x9dd08295f1c92a97b3e1aa2e9aab25e1570ccf4c,2026-03-17T07:09:39.084Z,0,0,0
0x33ce33e8b2c897f79b773f7e45af84017e1d1eea,0x110f96988610cfe2816fb7903266ec2692e20e7d,2026-03-17T07:11:15.137Z,0,0,0
0x33ce33e8b2c897f79b773f7e45af84017e1d1eea,0xb61e4a9840e405dfee832186d13f26aebf385481,2026-03-17T07:12:00.861Z,0,0,0
0x33ce33e8b2c897f79b773f7e45af84017e1d1eea,0x5cae85fe59b55f3c29c96db99cc4bb919cb7aea5,2026-03-17T07:15:28.855Z,0,0,0
0x33ce33e8b2c897f79b773f7e45af84017e1d1eea,0x50e932d1685f67dcd958a3ace454ad015513293b,2026-03-17T07:21:27.756Z,0,0,0
0x33ce33e8b2c897f79b773f7e45af84017e1d1eea,0xef35533479e97d65f17caaee1170029c288e7f91,2026-03-17T07:30:11.804Z,0,0,0
0x33ce33e8b2c897f79b773f7e45af84017e1d1eea,0x9015b75414728492c15c234e752bdf3111cc62eb,2026-03-17T07:36:04.805Z,0,0,0
0x33ce33e8b2c897f79b773f7e45af84017e1d1eea,0x0455add205bd2f7c26b36e87de76a60610810322,2026-03-17T07:36:15.859Z,0,0,0
0x33ce33e8b2c897f79b773f7e45af84017e1d1eea,0xc31af9222a7a20a1a6bdfcc8ab836d05112d32b9,2026-03-17T07:47:23.463Z,0,0,0
0x33ce33e8b2c897f79b773f7e45af84017e1d1eea,0xfa827ef364f77e4911265bc70120d1fdc15a5665,2026-03-17T07:47:38.685Z,0,0,0
0x33ce33e8b2c897f79b773f7e45af84017e1d1eea,0xe2254b1b77f70ef40beee78cf479ae2ccd53e504,2026-03-17T07:49:39.704Z,0,0,0
0x33ce33e8b2c897f79b773f7e45af84017e1d1eea,0x4fb36697a8b272726a99547bc0069e57ef3d1d32,2026-03-17T07:53:05.650Z,0,0,0
0x33ce33e8b2c897f79b773f7e45af84017e1d1eea,0x952aa68cb8b522ec7091251de8f27da66b7d153c,2026-03-17T07:54:14.479Z,0,0,0
0x33ce33e8b2c897f79b773f7e45af84017e1d1eea,0xd45add4a2c73947c2baf3ea162bb1a77b386eb2f,2026-03-17T07:55:03.239Z,0,0,0
0x33ce33e8b2c897f79b773f7e45af84017e1d1eea,0x1480222738d0372ad5872247a63a372389f994f3,2026-03-17T07:55:39.430Z,0,0,0
0xd45add4a2c73947c2baf3ea162bb1a77b386eb2f,0xd856f353b7f5423c1f09ca32cbe06780cefc8b6d,2026-03-17T07:57:25.696Z,0,0,0
0x33ce33e8b2c897f79b773f7e45af84017e1d1eea,0x5134111129bf3497d09d05e8869ee5da9e875c42,2026-03-17T07:58:06.787Z,0,0,0
0x33ce33e8b2c897f79b773f7e45af84017e1d1eea,0xfaef55d9e8f98da18530b2845d540a8d7935dd25,2026-03-17T07:59:44.329Z,0,0,0
0x33ce33e8b2c897f79b773f7e45af84017e1d1eea,0xa47c408c86897a530cf8f90ec7528beb9275d2fc,2026-03-17T08:07:06.978Z,0,0,0
0x33ce33e8b2c897f79b773f7e45af84017e1d1eea,0x4461af6e82ebda8c7b0fd2e0182d1d5f45ef153c,2026-03-17T08:16:35.056Z,0,0,0
0x33ce33e8b2c897f79b773f7e45af84017e1d1eea,0x3c98fcfa7205a55b054f03072b56ecfde0956d5d,2026-03-17T08:20:49.688Z,0,0,0
0x33ce33e8b2c897f79b773f7e45af84017e1d1eea,0x7b23e17926587260499060bfe6ffb7fffc35dc5b,2026-03-17T08:38:19.592Z,0,0,0
0x33ce33e8b2c897f79b773f7e45af84017e1d1eea,0x1756cf5421b86fecef49d97003c63db75f92fbc2,2026-03-17T08:40:11.921Z,0,0,0
0x33ce33e8b2c897f79b773f7e45af84017e1d1eea,0x7f2d5c225c469b1a5a133a86d3cb82c3f639298e,2026-03-17T08:48:30.947Z,0,0,0
0x33ce33e8b2c897f79b773f7e45af84017e1d1eea,0x4d6e172743585e3d2271b5b2d8c9910bf956330c,2026-03-17T08:51:53.209Z,0,0,0
0x33ce33e8b2c897f79b773f7e45af84017e1d1eea,0x8706664fa79c39678f5015481922efe3e5e847f3,2026-03-17T09:03:59.573Z,0,0,0
0x33ce33e8b2c897f79b773f7e45af84017e1d1eea,0xb2bdf921f6a4d59850dfdf9b32da93fddd1983e8,2026-03-17T09:15:28.065Z,0,0,0
0x33ce33e8b2c897f79b773f7e45af84017e1d1eea,0xa3f43f72a91b89c15d62c69d4db55bbe41c76c1a,2026-03-17T10:07:41.738Z,0,0,0
0x33ce33e8b2c897f79b773f7e45af84017e1d1eea,0xadf7e4e419b395643f3414fd84743133763caac6,2026-03-17T12:08:16.059Z,0,0,0
0x33ce33e8b2c897f79b773f7e45af84017e1d1eea,0x3cbab65a526ff6048e6c12f0f7adb97aaa3c5f79,2026-03-17T12:11:27.124Z,0,0,0
0x33ce33e8b2c897f79b773f7e45af84017e1d1eea,0x69a8f39441861a5870d20e4ad6a4e0fbe40fc425,2026-03-17T12:31:17.521Z,0,0,0
0x33ce33e8b2c897f79b773f7e45af84017e1d1eea,0x8ce9c30a28aaff62ce191d5c12543bad7e912621,2026-03-17T12:42:48.350Z,0,0,0
0x33ce33e8b2c897f79b773f7e45af84017e1d1eea,0x3caddf75482933251126f9c88011c6d02204d6cf,2026-03-17T13:56:12.938Z,0,0,0
0x33ce33e8b2c897f79b773f7e45af84017e1d1eea,0x64758fa686baa2e435686b92e661cf90a8deae05,2026-03-17T14:19:19.142Z,0,0,0
0x33ce33e8b2c897f79b773f7e45af84017e1d1eea,0x6eff502ac8d4b9061d0748b53adf60a9a25d4bee,2026-03-17T14:30:41.586Z,0,0,0
0x33ce33e8b2c897f79b773f7e45af84017e1d1eea,0x77d112c8d75eb0f45b98097446cb76321f12f95a,2026-03-17T15:17:39.469Z,0,0,0
0x33ce33e8b2c897f79b773f7e45af84017e1d1eea,0x0007609aec311861d56bc12662c5bf490824c2cb,2026-03-17T16:08:30.053Z,0,0,0
0x33ce33e8b2c897f79b773f7e45af84017e1d1eea,0xeff36ab53b5821d965d580845168bb71aad66ac4,2026-03-17T17:03:04.310Z,0,0,0
0x33ce33e8b2c897f79b773f7e45af84017e1d1eea,0x53e1cb0f4f8dac082fbca2897b9802b4881025f0,2026-03-17T17:10:23.573Z,0.00009900000000000001,1,0.000001
0x33ce33e8b2c897f79b773f7e45af84017e1d1eea,0xe4ef67d5ace16fe1df0b31745f2bc32352775f8d,2026-03-17T17:45:06.721Z,0,0,0
0x33ce33e8b2c897f79b773f7e45af84017e1d1eea,0xab433f78ebca1a2f84245884beac272ae0ed7cf7,2026-03-17T21:05:38.931Z,0,0,0
0x33ce33e8b2c897f79b773f7e45af84017e1d1eea,0x7927cbffa6b7528ad192916be2d777803dea158f,2026-03-17T23:11:45.873Z,0,0,0
0x33ce33e8b2c897f79b773f7e45af84017e1d1eea,0x411c2a535ba2564213b3116817c5ec76897f7df5,2026-03-17T23:25:31.250Z,0,0,0
0x33ce33e8b2c897f79b773f7e45af84017e1d1eea,0x670ec7d137d8387d2a640f54f40c2c11d6cef98d,2026-03-18T00:01:11.492Z,0,0,0
0xfe94d93fbba8b897b593950e40dda83bf32d3b7b,0xc9b0a011c86fd62e3ac4c80016f0b0e932ff1a56,2026-03-18T01:05:21.050Z,0,0,0
0xe56b74dd3ac2a71f2b7961b83f9448b847c3e630,0x95d0e4c884828b54385f4835ee85d89919f9509e,2026-03-18T09:31:10.395Z,0,0,0
0x20956414df16f474b4726cfec8bd995d660b62c5,0x26a7c9892ef4e25fefd550b95262f6b407ca6dd4,2026-03-20T11:48:39.029Z,0,0,0
0x33ce33e8b2c897f79b773f7e45af84017e1d1eea,0x12e8fddbc83e7aa982b247e9e0d8b23476d2206d,2026-03-18T11:02:33.958Z,0,0,0
0xad391b1aef2f41ebb9c75176a28149b445ed21d8,0x6007983862a802461b54f5a603d42f45f9eb55e8,2026-03-18T16:54:10.984Z,0,0,0
0x33ce33e8b2c897f79b773f7e45af84017e1d1eea,0x5718a271e0cea8e1526aff1ca4f8a07582fa5af4,2026-03-18T20:27:16.541Z,0,0,0
0x52f8aa06bbba60cdb679d964327869986c053816,0xb9843eeef8fcc0898528ba0985438067c019e8bc,2026-03-18T20:28:21.904Z,0,0,0
0x33ce33e8b2c897f79b773f7e45af84017e1d1eea,0x3091661f10dcbc665520c3546d45dc305f216a3f,2026-03-19T02:39:15.946Z,0,0,0
0xfddc0af9c60140cbbc20f0d55cef2abdc8bd770b,0x46aec065d5ac18b1334288dd5d91acc21ce507dc,2026-03-19T03:00:46.802Z,0,0,0
0x33ce33e8b2c897f79b773f7e45af84017e1d1eea,0xf71ca9be8805dc080865b8e12c8d3da850e066b8,2026-03-19T07:15:11.309Z,0,0,0
0xa95a7367e17fd235768bb5f7ad2721c31cbf7fb7,0x04ce1fcb95fcc143a3fb4274dc766d5a14278488,2026-03-19T07:59:03.622Z,0,0,0
0x33ce33e8b2c897f79b773f7e45af84017e1d1eea,0xe67c04d123ea638bbbbae83917f8385651b5687c,2026-03-19T09:50:27.420Z,0,0,0
0xd6da3359f3755286b8e91858295e72cca9f7becc,0x10e268148ff48a4c07104399f3aa962430ec0821,2026-03-19T15:11:57.753Z,0,0,0
0x33ce33e8b2c897f79b773f7e45af84017e1d1eea,0xdc73ff1056265e2c224e1ec5ac5e11f40336801c,2026-03-19T15:29:42.846Z,0,0,0
0x33ce33e8b2c897f79b773f7e45af84017e1d1eea,0xcb0514e92a4fa45114d3ffd88084ad90f5c7d3a7,2026-03-19T15:31:29.853Z,0,0,0
0x33ce33e8b2c897f79b773f7e45af84017e1d1eea,0x86faf18978d9273bff1fc742b75d86bd5990f558,2026-03-19T15:43:48.969Z,0,0,0
0x33ce33e8b2c897f79b773f7e45af84017e1d1eea,0x89da045296e4e0679b28f828b89452a55106356e,2026-03-19T18:23:52.588Z,0,0,0
0x33ce33e8b2c897f79b773f7e45af84017e1d1eea,0xd98006bb905c1c276c902acf4c1a60b28db70054,2026-03-20T00:59:08.832Z,0,0,0
0x33ce33e8b2c897f79b773f7e45af84017e1d1eea,0xab7648a4f3934ee80a294574564e516c1590753a,2026-03-20T01:00:08.213Z,0,0,0
0x33ce33e8b2c897f79b773f7e45af84017e1d1eea,0x9d4f5082ae642e89574ceec91f3eb4d34f049906,2026-03-20T01:01:35.461Z,0,0,0
0x33ce33e8b2c897f79b773f7e45af84017e1d1eea,0x488c591766da41a24baaa27b9e540adfdd8b0c9e,2026-03-20T03:54:12.911Z,0,0,0
0x33ce33e8b2c897f79b773f7e45af84017e1d1eea,0x7a75f05ba1836a69f72e3104728b45e032247dab,2026-03-20T09:00:48.377Z,0,0,0
0x33ce33e8b2c897f79b773f7e45af84017e1d1eea,0x602bcb6cf128dc99f5e2479a9b60cb5b2024d48b,2026-03-20T09:01:43.523Z,0,0,0
0x33ce33e8b2c897f79b773f7e45af84017e1d1eea,0x7ba290c6146f4dedf7d0dbb6b3f75d4e1b39fe92,2026-03-20T09:17:04.123Z,0,0,0
0xc206873e19e6a6a8e662c23f5a62b400b62ac4bd,0xf0f70250c181e755b3d522edd3244999221ee1da,2026-03-20T10:12:47.971Z,0,0,0
0x33ce33e8b2c897f79b773f7e45af84017e1d1eea,0x72129a4d12263b7d0ca1acb25d0d7837e02941d5,2026-03-20T10:41:24.256Z,0,0,0
0x20956414df16f474b4726cfec8bd995d660b62c5,0x85cc6b0a437e3ab6d597a2b4dce8365ee3f3b804,2026-03-20T11:46:35.129Z,0,0,0
0x9e5de316fdf81593ac67d88a544f3e08a32a3e19,0x61faef9dba074a2233eed5c625ef437e01c6d916,2026-04-07T15:10:35.352Z,9.924358,2,0.17564199999999999
0x9e5de316fdf81593ac67d88a544f3e08a32a3e19,0xedf581b0549cc2e38dfd7d87a21cc3560c5aff87,2026-04-07T14:44:35.290Z,48.862981,1,1.137019
0x0748ac42e139fc3830369d8e1a2aed74e5beff00,0xbe34c1e3feb76108025c63caddb63c9f91956d76,2026-04-06T16:11:28.478Z,0,0,0
0xfe94d93fbba8b897b593950e40dda83bf32d3b7b,0x9597f27adc1f1c8405da2b2fd2118ddb064305c6,2026-04-07T06:43:00.921Z,0,0,0
0x9e5de316fdf81593ac67d88a544f3e08a32a3e19,0x87a9756d8eeb60e662b87da5b895762274395c73,2026-04-07T14:47:44.898Z,0,0,0
0x9e5de316fdf81593ac67d88a544f3e08a32a3e19,0xba9fdd70d4df2b8970352f7360fe5c54e1c159b4,2026-04-07T14:48:35.566Z,0,0,0
0x9e5de316fdf81593ac67d88a544f3e08a32a3e19,0x09c46e78c1dd733f47fd72f514b327743ee918e4,2026-04-07T14:51:00.646Z,0,0,0
0x18f0220764299bcf079f4418b4f808800fe29164,0x195cbbfa8264d565aeaec173cce5e17b8d6f5dcf,2026-03-30T10:25:09.445Z,0,0,0
0xec5dd7552adfc44638c79e6bb2f09dd49af66b3f,0x9bcd237e855df009d01d43b94308e917d2d8a0b6,2026-03-31T10:24:28.529Z,0,0,0
0xcebd7ec98678c4cfd19a2774cd281e1bb8386320,0x15810a3151f1926b526f604506b838af82fbae66,2026-03-31T10:02:42.887Z,0,0,0
0x33ce33e8b2c897f79b773f7e45af84017e1d1eea,0xaf8bfe9a1ccacbd77e4290eeae3f5ad1d549213e,2026-02-24T22:46:24.343Z,0,0,0
0x0748ac42e139fc3830369d8e1a2aed74e5beff00,0xd2c4fd8109b799fac2eb801771c816cff9e163a1,2026-04-02T01:42:46.023Z,0,0,0
0x33ce33e8b2c897f79b773f7e45af84017e1d1eea,0x827dee440ea2990bdabe93d0dcd0e0b92ad31187,2026-04-02T10:40:49.115Z,0,0,0
0x33ce33e8b2c897f79b773f7e45af84017e1d1eea,0x4cf2da76d67f363d6113d68f45395708fdd55f55,2026-04-02T11:17:15.763Z,0,0,0
0x33ce33e8b2c897f79b773f7e45af84017e1d1eea,0x5db56752d0b3f0a386452cd9054730f0a1361730,2026-04-02T12:45:32.498Z,0,0,0
0x0748ac42e139fc3830369d8e1a2aed74e5beff00,0x6f5da52e466bb023ed2f486eac9794baee09cd67,2026-04-02T14:28:38.812Z,0,0,0
0x6dc4635548fcb20e070aa97eb6000e6a5f450f59,0x674d05439048c170f7edfc4d16ae169f6bb7c76c,2026-04-03T07:04:06.533Z,0,0,0
0x78300c6bbd69599ace219ef4c8d51b9b521f52c3,0xff5cecef5cd773163881aefa7507e437aee7c1c1,2026-04-03T22:15:30.406Z,0,0,0
0xcebd7ec98678c4cfd19a2774cd281e1bb8386320,0x85b7431f79f568961a5ee8b5198dfdaf06ec38df,2026-04-04T03:49:27.012Z,0,0,0
0x4c4c84b5ce537df064fa8b04a0af972cfc8c1bb5,0x7a5ae83dec85973f713ac53a2796affc7858d307,2026-04-04T22:10:25.437Z,0,0,0
0xb576c60f2dcee8b7fa9f43c7ec6135bee9a8e564,0xad49a662dad10797ddc1fc81b3ba21ca25f2692e,2026-04-06T22:42:07.253Z,0,0,0
0x20956414df16f474b4726cfec8bd995d660b62c5,0xbb0789798476939ed0e9f9aacda4de792baf92d0,2026-04-07T09:33:34.985Z,0,0,0
0x33ce33e8b2c897f79b773f7e45af84017e1d1eea,0xa634c67a5a655ddf03d5985c35b7b06e4c555f5a,2026-04-07T12:11:18.557Z,0,0,0
0x9e5de316fdf81593ac67d88a544f3e08a32a3e19,0xfe8e747aa5b27494f093e6bd17489fbec373cb16,2026-04-07T14:47:12.073Z,0,0,0
0x9e5de316fdf81593ac67d88a544f3e08a32a3e19,0xeff9df013974935ecd23fd5a8f9d6df6b8caf47b,2026-04-07T14:46:13.263Z,0,0,0
0x9e5de316fdf81593ac67d88a544f3e08a32a3e19,0x1054424231fe2b11643e0c58c7a79cde707052b8,2026-04-07T14:48:00.352Z,0,0,0
0x9e5de316fdf81593ac67d88a544f3e08a32a3e19,0xc09cad9cf933c6709d6c7e5b058a87e86b76c494,2026-04-07T14:49:15.284Z,0,0,0
0xa11defd6b32a413288a9191f745949540c40055e,0x5701068ca0ba0338a5b64e8f59d5ae661e9ecfc0,2026-04-07T16:34:59.171Z,0,0,0
0x33ce33e8b2c897f79b773f7e45af84017e1d1eea,0x2c4dd42c90c1461774077f7583270618b04596a4,2026-04-02T10:41:35.206Z,0,0,0
0x33ce33e8b2c897f79b773f7e45af84017e1d1eea,0x1fae0460ce17e6b9b6ce49d5ab77d5d97a041218,2026-04-02T11:32:08.298Z,0,0,0
0x33ce33e8b2c897f79b773f7e45af84017e1d1eea,0x5af583b2c0babb3fe983aff8e0451d8664960723,2026-04-02T12:55:58.389Z,0,0,0
0x0748ac42e139fc3830369d8e1a2aed74e5beff00,0x5d9ee505af88c14f3e61c232faba63682dd0c635,2026-04-02T13:53:38.162Z,0,0,0
0x0748ac42e139fc3830369d8e1a2aed74e5beff00,0x46b5a5c73957b5c5e0badf43736678141f218930,2026-04-02T14:35:10.270Z,0,0,0
0x6dc4635548fcb20e070aa97eb6000e6a5f450f59,0xf269a51e7144ae8a4c43c05ba6dd67227c61ad0a,2026-04-03T08:03:13.460Z,0,0,0
0x6dc4635548fcb20e070aa97eb6000e6a5f450f59,0xe3f66cac6ea9599b07247a3e74ed440330b37731,2026-04-03T18:00:48.842Z,0,0,0
0x78300c6bbd69599ace219ef4c8d51b9b521f52c3,0xd610332370a09cf0121b908b858a9edfa77d4479,2026-04-03T22:17:05.927Z,0,0,0
0xa28989b5eff508d27b1de8cf40f64924044c8b0b,0x8d9dd7e8372e51b3d868d808e05b7e8f39ede52d,2026-04-04T05:43:12.695Z,0,0,0
0xa28989b5eff508d27b1de8cf40f64924044c8b0b,0x56569ca92b981939eb4e68c89f712848fa9373e6,2026-04-05T11:10:36.754Z,0,0,0
0x8f12fe5d5dbf41b6aa849829fadaebf7273a33d8,0x8a49cefa7b00d508438e9a8b5ee93610147fcfd3,2026-04-06T13:12:02.831Z,0,0,0
0x33ce33e8b2c897f79b773f7e45af84017e1d1eea,0xe46d1702a5e0ca525b979d9da568198a03d226a7,2026-04-02T10:56:41.687Z,0,0,0
0x33ce33e8b2c897f79b773f7e45af84017e1d1eea,0xdd9603580235f17b2f87de7a736e9ff11f5be891,2026-04-02T12:57:15.130Z,0,0,0
0x0748ac42e139fc3830369d8e1a2aed74e5beff00,0xe1f163317dbc060a24e92c848aa338e8247eac2b,2026-04-02T14:10:58.402Z,0,0,0
0x0748ac42e139fc3830369d8e1a2aed74e5beff00,0x38b0164a5206890b2c53af1822bc4a9e671fac50,2026-04-02T14:41:33.724Z,0,0,0
0x33ce33e8b2c897f79b773f7e45af84017e1d1eea,0x2081a318a87621c4041c6c51b6673bf893ad2bb6,2026-04-02T10:58:10.918Z,0,0,0
0x33ce33e8b2c897f79b773f7e45af84017e1d1eea,0xe53ee3e561458fdb34ef6dc13f1952a23ca5cdb9,2026-04-02T12:57:47.116Z,0,0,0
0x0748ac42e139fc3830369d8e1a2aed74e5beff00,0x8998e38a1b55c13458bdbce7d340084a43fe4064,2026-04-02T14:22:17.640Z,0,0,0
0x33ce33e8b2c897f79b773f7e45af84017e1d1eea,0xfc3c456e91b7228fedfdd267aa7d9e2f2f72fc14,2026-04-02T14:45:58.571Z,0,0,0
0x33ce33e8b2c897f79b773f7e45af84017e1d1eea,0x9c966fef53e593854edf5a9b62f6aa493e502684,2026-04-03T04:03:17.301Z,0,0,0
0xa28989b5eff508d27b1de8cf40f64924044c8b0b,0xdf44667a71e8acd5985a70b4484b9490b3b2e7ca,2026-04-03T13:21:53.873Z,0,0,0
0x78300c6bbd69599ace219ef4c8d51b9b521f52c3,0xf07124aa2594bcb976f5e14cfb31b8a7fe8e91b9,2026-04-03T21:47:57.951Z,0,0,0
0x78300c6bbd69599ace219ef4c8d51b9b521f52c3,0x804f36c4fbe1c96c7794669806bae0d4f1753c65,2026-04-03T22:44:14.502Z,0,0,0
0x04618a23611d945e8e3d8ba9cdbcc041af0e9dbe,0xaba86cd6af4ec94ec8139f22966b8a29aaaf6c42,2026-04-07T17:02:23.329Z,0,0,0
0x33ce33e8b2c897f79b773f7e45af84017e1d1eea,0x76d8b4f8ae4deead82a2b53d4a4df98ed5ddc409,2026-04-07T19:00:29.919Z,0,0,0
0x8f12fe5d5dbf41b6aa849829fadaebf7273a33d8,0x39a567cfe08076f39227c9df82205dfbb162d238,2026-04-08T08:05:00.350Z,0,0,0
0x04618a23611d945e8e3d8ba9cdbcc041af0e9dbe,0x6eff9a6b751a8914bbe3fe5286058389fd51fac7,2026-04-08T09:09:04.000Z,0,0,0
0xadb4d2aa8ff6b75d5d4151966369b62a106a0613,0x6da57cda0f0f7b890a7531e5ee088667e31e7fda,2026-04-08T10:18:46.720Z,0,0,0
0x78300c6bbd69599ace219ef4c8d51b9b521f52c3,0xf34dcff23b67d90f0bbfcc8163a2983da0798ea8,2026-04-08T11:54:59.189Z,0,0,0
0x78300c6bbd69599ace219ef4c8d51b9b521f52c3,0x5c22ce75c0df1c2afa7a3dbe14ea894646d6181f,2026-04-08T11:59:22.383Z,0,0,0
0x78300c6bbd69599ace219ef4c8d51b9b521f52c3,0x3c79124800730e7e3d60f76fc9a88840974c1eaf,2026-04-08T12:32:42.335Z,0,0,0
0x78300c6bbd69599ace219ef4c8d51b9b521f52c3,0x67c56747c74ff103e2db5b544a6cc1d2fdae274a,2026-04-08T12:46:45.180Z,0,0,0
0xadb4d2aa8ff6b75d5d4151966369b62a106a0613,0xcbc57fba6374b1be2224c5872ad7cc37fd4f2c0c,2026-04-08T13:05:11.902Z,0,0,0
0x5c3d62c46367ac72e7b2eacff4bf8d558bf7af63,0x5ee99a5d1230d8957df6d5a5057cc48143ae4e91,2026-04-08T13:47:34.437Z,0,0,0
0x78300c6bbd69599ace219ef4c8d51b9b521f52c3,0xe9f3fab8c592200e766f8ae0376f5677e2462cf6,2026-04-08T13:55:49.209Z,0,0,0
0x78300c6bbd69599ace219ef4c8d51b9b521f52c3,0x8d7c632cbf3d0edb751a385a1ab136c182826462,2026-04-08T13:57:12.731Z,0,0,0
0x78300c6bbd69599ace219ef4c8d51b9b521f52c3,0xf6a792186d183a9259c6a1ce4fffbe934fe96bf4,2026-04-08T14:00:34.382Z,0,0,0
0x5ee99a5d1230d8957df6d5a5057cc48143ae4e91,0xa3a1d0d7757f6c84dac32cae1c180ec4697d3365,2026-04-08T14:50:07.378Z,0,0,0
0x33ce33e8b2c897f79b773f7e45af84017e1d1eea,0xbe145f82f6da4d5204a4f7ea8e8a51e90c4dc021,2026-04-08T21:54:45.239Z,0,0,0
0xd750002efcc1931d65ad6c56acfda18ba4954987,0xe7e989f330db1c645c2b5b19603eb99d95ab7d22,2026-04-08T22:00:50.932Z,0,0,0
0x0748ac42e139fc3830369d8e1a2aed74e5beff00,0xceb8af5e8f89459ba6ad94a172d014978593fd7f,2026-03-28T15:23:18.991Z,0,0,0
0x12aca5d31d22a795d21b1bca516008f1e54fc8dd,0xef2e92c595fad2fdcd0f767a78196c20b0adc846,2026-03-30T12:01:08.843Z,0,0,0
0x20956414df16f474b4726cfec8bd995d660b62c5,0x11f79d6c03d0bcb37c2772f3a7226bf79f29950b,2026-03-30T11:18:49.574Z,0,0,0
0xf33201cc35d4e386ffd90fa0c598c06bda911ce3,0x1a94180796266391c41ed7ca31dca1a520441b4b,2026-03-31T14:52:03.991Z,0,0,0
0x0748ac42e139fc3830369d8e1a2aed74e5beff00,0xd527248f9568a2276474c04f35c9c72865c5edd8,2026-04-02T00:51:33.642Z,0,0,0
0x0748ac42e139fc3830369d8e1a2aed74e5beff00,0x97952cfa1c63b1471b7e31efddf03cffc598642b,2026-04-02T01:43:20.994Z,0,0,0
0x33ce33e8b2c897f79b773f7e45af84017e1d1eea,0x7f8f5542b12d136920635be2417f45b28be3db37,2026-04-02T10:43:06.954Z,0,0,0
0x33ce33e8b2c897f79b773f7e45af84017e1d1eea,0xa73849811b5fe15173cf46ab6ae2c3e319f53963,2026-04-02T11:51:30.108Z,0,0,0
0x0748ac42e139fc3830369d8e1a2aed74e5beff00,0x9aac5a0def4e7d06fb7ff9608ea778abeceba4c5,2026-04-02T14:04:40.388Z,0,0,0
0x04618a23611d945e8e3d8ba9cdbcc041af0e9dbe,0x4eeda102d82910a7f11f99a42ec6f0f7c1650b02,2026-04-02T14:41:12.181Z,0,0,0
0x33ce33e8b2c897f79b773f7e45af84017e1d1eea,0xf628dbd8bf7035450be4a3b7739f3901c7a3738d,2026-04-02T17:25:39.306Z,0,0,0
0xa28989b5eff508d27b1de8cf40f64924044c8b0b,0x05bc5728d7007de9a905b736645163d6923ac51b,2026-04-03T12:06:58.346Z,0,0,0
0x78300c6bbd69599ace219ef4c8d51b9b521f52c3,0xb9213fb6c6e2fd220a02d93248f1204ddd8f8654,2026-04-03T21:34:22.653Z,0,0,0
0x33ce33e8b2c897f79b773f7e45af84017e1d1eea,0xd750002efcc1931d65ad6c56acfda18ba4954987,2026-04-03T22:28:31.283Z,0,0,0
0xcebd7ec98678c4cfd19a2774cd281e1bb8386320,0xaa950d1cadd39935ecf1a11eb9f44955f21d3c90,2026-04-04T05:54:02.468Z,0,0,0
0x4c4c84b5ce537df064fa8b04a0af972cfc8c1bb5,0x381ca315b02fb90d12a1147d7f1ea1d8bbfa96d9,2026-04-05T19:30:58.154Z,0,0,0
0x20956414df16f474b4726cfec8bd995d660b62c5,0xfe23ca784212e4d1dfc2e538063d873fcc3558a0,2026-04-06T04:57:02.629Z,0,0,0
0x33ce33e8b2c897f79b773f7e45af84017e1d1eea,0x599e56dee99953514a0de4a5a342314c24fbffb8,2026-04-07T06:21:36.444Z,0,0,0
0x33ce33e8b2c897f79b773f7e45af84017e1d1eea,0x321f6cfc3167bd7e4046199abe3dd4d0c551e56f,2026-04-07T11:34:30.046Z,0,0,0
0x8f12fe5d5dbf41b6aa849829fadaebf7273a33d8,0x98c809ad66903177256dbc08082409b03c2c2704,2026-03-28T12:42:03.123Z,0,0,0
0x6dc4635548fcb20e070aa97eb6000e6a5f450f59,0x623a04a49da61b2d1d546f8cce5509fa4e9acba3,2026-04-02T00:57:27.035Z,0,0,0
0x9e5de316fdf81593ac67d88a544f3e08a32a3e19,0xaa3ddad6d36078b74b7506d5d638fd49c5a71afc,2026-04-07T14:57:46.977Z,0,0,0
0x9e5de316fdf81593ac67d88a544f3e08a32a3e19,0x32ab2f4183574d7a3d37c8fc8fe610eb6f44c2b4,2026-04-07T14:57:48.401Z,0,0,0
0x9e5de316fdf81593ac67d88a544f3e08a32a3e19,0x157fbe61a20ef5943fdda4291f63dc5a9f93ee7c,2026-04-07T15:00:40.751Z,0,0,0
0x9e5de316fdf81593ac67d88a544f3e08a32a3e19,0x3b98a0461136f843860b50bad37fa8e463ae67d5,2026-04-07T15:02:19.699Z,0,0,0
0x9e5de316fdf81593ac67d88a544f3e08a32a3e19,0xb946b7b7c15499109f9fed01ed450fff665827e8,2026-04-07T15:05:37.536Z,0,0,0
0x9e5de316fdf81593ac67d88a544f3e08a32a3e19,0x572471fe40b302e33ea513bc1581cfc905c71fdc,2026-04-07T15:05:48.698Z,0,0,0
0x9e5de316fdf81593ac67d88a544f3e08a32a3e19,0x4ede4fe93a4ea9431b8feec583089f4da37a312b,2026-04-07T15:07:23.303Z,0,0,0
0x9e5de316fdf81593ac67d88a544f3e08a32a3e19,0x36a4d8e00824f1ec02355993eedec54864f3a7d6,2026-04-07T15:09:00.505Z,0,0,0
0x9e5de316fdf81593ac67d88a544f3e08a32a3e19,0x7e230052c0f17f4071002519e79264631a595ff6,2026-04-07T15:14:35.223Z,0,0,0
0x9e5de316fdf81593ac67d88a544f3e08a32a3e19,0x569e36e7b419f32e25ed9572bfacc67b52633c93,2026-04-07T15:16:36.562Z,0,0,0
0x9e5de316fdf81593ac67d88a544f3e08a32a3e19,0x5072b277b96549e63244306080295fe081a50ffe,2026-04-07T15:19:29.532Z,0,0,0
0x9e5de316fdf81593ac67d88a544f3e08a32a3e19,0x30fba344dd25d7f10b3fa1d1a0afb93f1261c0cc,2026-04-07T15:21:25.213Z,0,0,0
0x9e5de316fdf81593ac67d88a544f3e08a32a3e19,0x03643eaa28335c37e25499b3d80f42a9bb946a9a,2026-04-07T15:23:35.175Z,0,0,0
0x9e5de316fdf81593ac67d88a544f3e08a32a3e19,0xbd76538597833fcf0bd3544f44a5dca58d438822,2026-04-07T15:25:04.519Z,0,0,0
0x9e5de316fdf81593ac67d88a544f3e08a32a3e19,0x9fd6b7a454f13231092609d0feb07aa47eddfaa8,2026-04-07T15:25:43.143Z,0,0,0
0x9e5de316fdf81593ac67d88a544f3e08a32a3e19,0xe07fa88e6da95ded54476009d9b7182cc8e8ac5f,2026-04-07T15:27:38.674Z,0,0,0
0x9e5de316fdf81593ac67d88a544f3e08a32a3e19,0x62b3ce6028c0100baa2038bbe40ed87606903f8a,2026-04-07T15:27:39.436Z,0,0,0
0x9e5de316fdf81593ac67d88a544f3e08a32a3e19,0xd17f4b2bdffa075910a9eb559436dfae4baf242b,2026-04-07T15:29:04.096Z,0,0,0
0x9e5de316fdf81593ac67d88a544f3e08a32a3e19,0xd1149377c729c9364cba322c300855b48e6df614,2026-04-07T15:29:20.796Z,0,0,0
0x9e5de316fdf81593ac67d88a544f3e08a32a3e19,0xd9e090667a00c1bbfa689a2858797ffad0351d6a,2026-04-07T15:29:46.292Z,0,0,0
0x9e5de316fdf81593ac67d88a544f3e08a32a3e19,0x7d838cf2adf3b88740663ec998cc0f6a4d35eaee,2026-04-07T15:31:19.923Z,0,0,0
0x9e5de316fdf81593ac67d88a544f3e08a32a3e19,0xf90e168733bd82b8f61f8ac9733ef61faf68d93d,2026-04-07T15:31:57.254Z,0,0,0
0x9e5de316fdf81593ac67d88a544f3e08a32a3e19,0xd957b243ee3b8ba05137307a397b55db01631af6,2026-04-07T15:32:32.158Z,0,0,0
0x9e5de316fdf81593ac67d88a544f3e08a32a3e19,0x7396eb9bca6a633075ea75b256ff32fcb5830340,2026-04-07T15:33:45.333Z,0,0,0
0x9e5de316fdf81593ac67d88a544f3e08a32a3e19,0xdc0e69dcce3828d76b945dfa99b1a11b013d9edd,2026-04-07T15:34:28.278Z,0,0,0
0x9e5de316fdf81593ac67d88a544f3e08a32a3e19,0x7e9dd7539f3acfb88f10ead5fd6c4580fe6c329c,2026-04-07T15:36:12.076Z,0,0,0
0x9e5de316fdf81593ac67d88a544f3e08a32a3e19,0xc6ac6f61349baf297a822466c284bc34e108c312,2026-04-07T15:36:16.136Z,0,0,0
0x9e5de316fdf81593ac67d88a544f3e08a32a3e19,0x874943145661bd903e13775b840986669e7235c5,2026-04-07T15:36:44.154Z,0,0,0
0x9e5de316fdf81593ac67d88a544f3e08a32a3e19,0x3ed1f5f50f29e378e94d4116334d3d419b0977f4,2026-04-07T15:37:14.851Z,0,0,0
0x9e5de316fdf81593ac67d88a544f3e08a32a3e19,0xbdc2b6154feea9297aeb10d7eaa22fbd0407f07c,2026-04-07T15:37:54.663Z,0,0,0
0x9e5de316fdf81593ac67d88a544f3e08a32a3e19,0xc4474bbeec652a543a70f1ea9dad321327aeded6,2026-04-07T15:37:58.937Z,0,0,0
0x9e5de316fdf81593ac67d88a544f3e08a32a3e19,0x3a634d56d6ec092673ced1285466e8bd01406b6e,2026-04-07T15:39:07.331Z,0,0,0
0x9e5de316fdf81593ac67d88a544f3e08a32a3e19,0x800adc9013851c5c0290a819629a3e09e81338d1,2026-04-07T15:41:12.613Z,0,0,0
0x9e5de316fdf81593ac67d88a544f3e08a32a3e19,0x83390e3c3979f9617473459407079bb8a85efb58,2026-04-07T15:41:28.614Z,0,0,0
0x9e5de316fdf81593ac67d88a544f3e08a32a3e19,0xc8c768053dcbbf77f248907de92e856d1052ce6a,2026-04-07T15:41:40.905Z,0,0,0
0x9e5de316fdf81593ac67d88a544f3e08a32a3e19,0xb903fd7ee08de83dbfc12c9bb1cd1e0a67cfe515,2026-04-07T15:42:03.188Z,0,0,0
0x9e5de316fdf81593ac67d88a544f3e08a32a3e19,0x9342ba74edafcef3bbf3459ab87e53a7efeafb7d,2026-04-07T15:42:18.186Z,0,0,0
0x9e5de316fdf81593ac67d88a544f3e08a32a3e19,0xe388c6a262840e82500371613d60089c2ecad2ab,2026-04-07T15:42:50.965Z,0,0,0
0x9e5de316fdf81593ac67d88a544f3e08a32a3e19,0x52f2568a7a80e3ea53dc4122310554dad4e94ca3,2026-04-07T15:43:38.321Z,0,0,0
0x9e5de316fdf81593ac67d88a544f3e08a32a3e19,0x89070f35fdf34e72adc6fb432a1938f7dbd00bdf,2026-04-07T15:43:42.156Z,0,0,0
0x9e5de316fdf81593ac67d88a544f3e08a32a3e19,0x82ca4d03cb565f4819ace2e0cc8d6f7148fcff86,2026-04-07T15:44:22.989Z,0,0,0
0x9e5de316fdf81593ac67d88a544f3e08a32a3e19,0x0b281b8bdaa7ae475030c1573c201c781dfcdb0d,2026-04-07T15:44:56.124Z,0,0,0
0x9e5de316fdf81593ac67d88a544f3e08a32a3e19,0x736a9090686937b2d9ea12482428763a48fd7a74,2026-04-07T15:45:30.405Z,0,0,0
0x9e5de316fdf81593ac67d88a544f3e08a32a3e19,0xc7be93d10399124802f1a47d5d3666bd8652d35e,2026-04-07T15:45:44.227Z,0,0,0
0x9e5de316fdf81593ac67d88a544f3e08a32a3e19,0x2136ca9a61cf584a5923330223c3fea22af2c7ae,2026-04-07T15:46:11.203Z,0,0,0
0x9e5de316fdf81593ac67d88a544f3e08a32a3e19,0x4841aa04a11564ee84d02be4b9d13728ebb595d4,2026-04-07T15:46:45.820Z,0,0,0
0x9e5de316fdf81593ac67d88a544f3e08a32a3e19,0xa75dc489e0fe8490922090a0790c3add645bc492,2026-04-07T15:47:31.773Z,0,0,0
0x9e5de316fdf81593ac67d88a544f3e08a32a3e19,0xaf48c5f869deed88b55395b51d31840a0afdfec3,2026-04-07T15:48:20.380Z,0,0,0
0x9e5de316fdf81593ac67d88a544f3e08a32a3e19,0x42fde75b190cf63eb6e3e3d7cc6fb2c7afc2d98d,2026-04-07T15:48:50.221Z,0,0,0
0x9e5de316fdf81593ac67d88a544f3e08a32a3e19,0xf78e98488bc6d9e86c5ddecf95484b59ce5e1e75,2026-04-07T15:49:17.344Z,0,0,0
0x9e5de316fdf81593ac67d88a544f3e08a32a3e19,0x855e6204adc09e2aa4156239d44b1619122cc450,2026-04-07T15:49:43.695Z,0,0,0
0x9e5de316fdf81593ac67d88a544f3e08a32a3e19,0xf32c614f59035f43d78afd78219d0d546528a71d,2026-04-07T15:50:29.060Z,0,0,0
0x9e5de316fdf81593ac67d88a544f3e08a32a3e19,0xb80976897370853edd1a4ed29e6724237c01d9e4,2026-04-07T15:51:04.623Z,0,0,0
0x9e5de316fdf81593ac67d88a544f3e08a32a3e19,0xefa880f6bec36cf38e19ad543614645a2bb0a9cb,2026-04-07T15:52:16.355Z,0,0,0
0x9e5de316fdf81593ac67d88a544f3e08a32a3e19,0x0c06c08f92e81304b53fd9f0fb0c8384db393178,2026-04-07T15:53:03.944Z,0,0,0
0x9e5de316fdf81593ac67d88a544f3e08a32a3e19,0xdc1c985f42ea3488129916dcb95a0beb586cbf97,2026-04-07T15:54:29.257Z,0,0,0
0x9e5de316fdf81593ac67d88a544f3e08a32a3e19,0x9fe8d8bcd134de896c571ed8841bab688d9beba0,2026-04-07T15:55:13.253Z,0,0,0
0x9e5de316fdf81593ac67d88a544f3e08a32a3e19,0x54acc3a910cc7973eb0b1ff58ba98833ec5b947d,2026-04-07T15:55:45.963Z,0,0,0
0x9e5de316fdf81593ac67d88a544f3e08a32a3e19,0x3e2490b0393d436053f1bea623305fdb5f1ed5fa,2026-04-07T15:56:10.418Z,0,0,0
0x9e5de316fdf81593ac67d88a544f3e08a32a3e19,0x95577d5d4667dc891e9a45cd697e8362f5cb55d2,2026-04-07T15:56:40.890Z,0,0,0
0x9e5de316fdf81593ac67d88a544f3e08a32a3e19,0x99b60d7736342f792f2dca6b68c9d929f62ef7eb,2026-04-07T15:58:01.334Z,0,0,0
0x9e5de316fdf81593ac67d88a544f3e08a32a3e19,0x877c66d1c7b1ec9bd84b5cb2256e98a8ae8db4a2,2026-04-07T15:58:31.134Z,0,0,0
0x9e5de316fdf81593ac67d88a544f3e08a32a3e19,0x4285a24484981fb92f82a6b2960d12d387a0f8d9,2026-04-07T15:59:24.058Z,0,0,0
0x9e5de316fdf81593ac67d88a544f3e08a32a3e19,0x3e0498ec75a606f6032274e8ab96483c59be3746,2026-04-07T15:59:30.273Z,0,0,0
0x9e5de316fdf81593ac67d88a544f3e08a32a3e19,0x1bf324bec9be0f11668061be0552a9c1647fd4f6,2026-04-07T16:00:00.659Z,0,0,0
0x9e5de316fdf81593ac67d88a544f3e08a32a3e19,0x6478dc5e6976e0bb429e9769632fcc61770bedc5,2026-04-07T16:00:49.078Z,0,0,0
0x9e5de316fdf81593ac67d88a544f3e08a32a3e19,0xb6d28a0467791fdfc2f596a95699d69955ab698e,2026-04-07T16:01:01.783Z,0,0,0
0x9e5de316fdf81593ac67d88a544f3e08a32a3e19,0xe0dc8e232d8074cd9b2ef216816059d80a7387c4,2026-04-07T16:01:12.117Z,0,0,0
0x9e5de316fdf81593ac67d88a544f3e08a32a3e19,0x675b2f5018ee1161be2e523d2a480fb085d5a6bd,2026-04-07T16:03:30.543Z,0,0,0
0x9e5de316fdf81593ac67d88a544f3e08a32a3e19,0x95b635743712f08e9e2db30404c04a634f365533,2026-04-07T16:03:56.812Z,0,0,0
0x9e5de316fdf81593ac67d88a544f3e08a32a3e19,0x95cb7c522b41d7be60fac965f4f8e424c8168c8b,2026-04-07T16:04:27.548Z,0,0,0
0x9e5de316fdf81593ac67d88a544f3e08a32a3e19,0xa142c8f35548553bad439ec3fbe21989afe3c083,2026-04-07T16:04:54.184Z,0,0,0
0x9e5de316fdf81593ac67d88a544f3e08a32a3e19,0x61a04ee6277b6d57c749e41179aef4476b3a7605,2026-04-07T16:05:32.009Z,0,0,0
0x9e5de316fdf81593ac67d88a544f3e08a32a3e19,0x1ace5c2febaeaabfd4b6963563a2aeab373d1293,2026-04-07T16:06:18.324Z,0,0,0
0x9e5de316fdf81593ac67d88a544f3e08a32a3e19,0x123d0ee5adf7d4ec30cce9c191f868ba8ce1f8c2,2026-04-07T16:08:00.707Z,0,0,0
0x9e5de316fdf81593ac67d88a544f3e08a32a3e19,0xdfc8610507c3bd8838ced630efd5ceccfea3477b,2026-04-07T16:08:53.707Z,0,0,0
0x9e5de316fdf81593ac67d88a544f3e08a32a3e19,0x8ee76cac3ede594ce8894fb823fda4f8ba354217,2026-04-07T16:09:16.865Z,0,0,0
0x9e5de316fdf81593ac67d88a544f3e08a32a3e19,0x6293286f21ce60295e7467d43c7d6dc25f65dc57,2026-04-07T16:09:41.817Z,0,0,0
0x9e5de316fdf81593ac67d88a544f3e08a32a3e19,0xbb85b577a34dbf4098ad57c106b4d489a13f76a6,2026-04-07T16:09:59.418Z,0,0,0
0x9e5de316fdf81593ac67d88a544f3e08a32a3e19,0xd714c4138d445a2b7bf75bb036adf1d295397cda,2026-04-07T16:10:03.933Z,0,0,0
0x9e5de316fdf81593ac67d88a544f3e08a32a3e19,0x071cf5cfaa0229120a19ff78ad2f5b8e4ad206fa,2026-04-07T16:10:26.708Z,0,0,0
0x9e5de316fdf81593ac67d88a544f3e08a32a3e19,0x1ce4d863b790bee5507756594e680cf26071af48,2026-04-07T16:10:51.168Z,0,0,0
0x9e5de316fdf81593ac67d88a544f3e08a32a3e19,0x3f2c58fa00dcadf212fb85f5e7e18a7b2251e38f,2026-04-07T16:10:58.576Z,0,0,0
0x9e5de316fdf81593ac67d88a544f3e08a32a3e19,0x4150cdbb39e8170a7e51382ba647d36cd2d9801e,2026-04-07T16:11:39.185Z,0,0,0
0x9e5de316fdf81593ac67d88a544f3e08a32a3e19,0x0ee985d3b1e5e21c1ed1f4174c3455fcd22b2055,2026-04-07T16:12:06.738Z,0,0,0
0x9e5de316fdf81593ac67d88a544f3e08a32a3e19,0x45fdc7b652bfc9abb0d68e949f0c5b3c6782611a,2026-04-07T16:12:31.546Z,0,0,0
0x9e5de316fdf81593ac67d88a544f3e08a32a3e19,0xe38d2c3d3b57275a40db5ef4babcc85cd0280f3a,2026-04-07T16:12:46.823Z,0,0,0
0x9e5de316fdf81593ac67d88a544f3e08a32a3e19,0xa40d4120fd247a2fa63db4934e97fc73fb90a6b6,2026-04-07T16:12:54.073Z,0,0,0
0x9e5de316fdf81593ac67d88a544f3e08a32a3e19,0x79c39c71b3f74b099b0ec97cc6eef98a81fe4005,2026-04-07T16:13:07.774Z,0,0,0
0x9e5de316fdf81593ac67d88a544f3e08a32a3e19,0xd2a60993d66160fbabc530b289b8272ad34412d5,2026-04-07T16:13:17.314Z,0,0,0
0x9e5de316fdf81593ac67d88a544f3e08a32a3e19,0xd8517faa61e88e9072c9fdcd1d6bca55e0915a2d,2026-04-07T16:13:40.195Z,0,0,0
